URL,Path,Locale,Section,Clicks_119d,Impressions_119d,Avg_Position,Action,Implementation,Destination_URL,Evidence,Reasoning,Priority
https://panamarealestateguide.com/,/,en,home,1,22,10.5,Improve,rewrite in place,,GSC 119d: 1 clicks / 22 impr / avg pos 10.5,Homepage carries almost no topical signal. Rebuild as the buying-in-Panama hub.,P0
https://panamarealestateguide.com/articles/,/articles/,en,articles,0,54,12.3,Improve,rewrite in place,,GSC 119d: 0 clicks / 54 impr / avg pos 12.3,Has measurable impressions but weak position; a rewrite should convert impressions to clicks.,P2
https://panamarealestateguide.com/news/,/news/,en,news,0,12,36.7,Consolidate,301,https://panamarealestateguide.com/articles/panama-real-estate-market-2026.html,GSC 119d: 0 clicks / 12 impr / avg pos 36.7,Dated micro-news with no demand. Roll the durable facts into the market pillar as a timeline; redirect. Avoids a graveyard of stale one-paragraph posts.,P3
https://panamarealestateguide.com/proyectos/,/proyectos/,en,proyectos,0,0,,Keep,no change,,GSC 119d: 0 clicks / 0 impr,Low signal but topically relevant and contributes internal-link/topical-authority value. Do not delete on zero traffic alone.,P3
https://panamarealestateguide.com/videos/,/videos/,en,videos,0,13,36.6,Noindex,"noindex,follow",,GSC 119d: 0 clicks / 13 impr / avg pos 36.6,"Thin YouTube-embed wrapper, no unique text. Noindex rather than remove: these URLs may return as real pages once the videos are embedded on area and project pages.",P2
https://panamarealestateguide.com/es/,/es/,es,other,0,0,,Remove,410 Gone,,GSC 119d: 0 clicks / 0 impr,"Machine-translated duplicate. Verified safe to delete: Semrush Top Pages shows 0 referring domains on every deep URL (93 of 103 ref domains point at the root), so there is no page-level link equity to preserve. ES/DE/PT buying demand is negligible (Semrush PA db: 32 kws / 190 total vol) and these pages actively cannibalise their own English originals. All 405 earned 30 clicks in 119 days combined (~0.25/day). Use 410 rather than 404: unambiguous and de-indexed faster. Retain source files in git.",P1
https://panamarealestateguide.com/es/articles/,/es/articles/,es,articles,0,0,,Remove,410 Gone,,GSC 119d: 0 clicks / 0 impr,"Machine-translated duplicate. Verified safe to delete: Semrush Top Pages shows 0 referring domains on every deep URL (93 of 103 ref domains point at the root), so there is no page-level link equity to preserve. ES/DE/PT buying demand is negligible (Semrush PA db: 32 kws / 190 total vol) and these pages actively cannibalise their own English originals. All 405 earned 30 clicks in 119 days combined (~0.25/day). Use 410 rather than 404: unambiguous and de-indexed faster. Retain source files in git.",P1
https://panamarealestateguide.com/es/news/,/es/news/,es,news,0,0,,Remove,410 Gone,,GSC 119d: 0 clicks / 0 impr,"Machine-translated duplicate. Verified safe to delete: Semrush Top Pages shows 0 referring domains on every deep URL (93 of 103 ref domains point at the root), so there is no page-level link equity to preserve. ES/DE/PT buying demand is negligible (Semrush PA db: 32 kws / 190 total vol) and these pages actively cannibalise their own English originals. All 405 earned 30 clicks in 119 days combined (~0.25/day). Use 410 rather than 404: unambiguous and de-indexed faster. Retain source files in git.",P1
https://panamarealestateguide.com/es/videos/,/es/videos/,es,videos,1,3,57.3,Remove,410 Gone,,GSC 119d: 1 clicks / 3 impr / avg pos 57.3,"Machine-translated duplicate. Verified safe to delete: Semrush Top Pages shows 0 referring domains on every deep URL (93 of 103 ref domains point at the root), so there is no page-level link equity to preserve. ES/DE/PT buying demand is negligible (Semrush PA db: 32 kws / 190 total vol) and these pages actively cannibalise their own English originals. All 405 earned 30 clicks in 119 days combined (~0.25/day). Use 410 rather than 404: unambiguous and de-indexed faster. Retain source files in git.",P1
https://panamarealestateguide.com/pt/,/pt/,pt,other,0,0,,Remove,410 Gone,,GSC 119d: 0 clicks / 0 impr,"Machine-translated duplicate. Verified safe to delete: Semrush Top Pages shows 0 referring domains on every deep URL (93 of 103 ref domains point at the root), so there is no page-level link equity to preserve. ES/DE/PT buying demand is negligible (Semrush PA db: 32 kws / 190 total vol) and these pages actively cannibalise their own English originals. All 405 earned 30 clicks in 119 days combined (~0.25/day). Use 410 rather than 404: unambiguous and de-indexed faster. Retain source files in git.",P1
https://panamarealestateguide.com/pt/articles/,/pt/articles/,pt,articles,0,0,,Remove,410 Gone,,GSC 119d: 0 clicks / 0 impr,"Machine-translated duplicate. Verified safe to delete: Semrush Top Pages shows 0 referring domains on every deep URL (93 of 103 ref domains point at the root), so there is no page-level link equity to preserve. ES/DE/PT buying demand is negligible (Semrush PA db: 32 kws / 190 total vol) and these pages actively cannibalise their own English originals. All 405 earned 30 clicks in 119 days combined (~0.25/day). Use 410 rather than 404: unambiguous and de-indexed faster. Retain source files in git.",P1
https://panamarealestateguide.com/pt/news/,/pt/news/,pt,news,0,0,,Remove,410 Gone,,GSC 119d: 0 clicks / 0 impr,"Machine-translated duplicate. Verified safe to delete: Semrush Top Pages shows 0 referring domains on every deep URL (93 of 103 ref domains point at the root), so there is no page-level link equity to preserve. ES/DE/PT buying demand is negligible (Semrush PA db: 32 kws / 190 total vol) and these pages actively cannibalise their own English originals. All 405 earned 30 clicks in 119 days combined (~0.25/day). Use 410 rather than 404: unambiguous and de-indexed faster. Retain source files in git.",P1
https://panamarealestateguide.com/pt/videos/,/pt/videos/,pt,videos,0,0,,Remove,410 Gone,,GSC 119d: 0 clicks / 0 impr,"Machine-translated duplicate. Verified safe to delete: Semrush Top Pages shows 0 referring domains on every deep URL (93 of 103 ref domains point at the root), so there is no page-level link equity to preserve. ES/DE/PT buying demand is negligible (Semrush PA db: 32 kws / 190 total vol) and these pages actively cannibalise their own English originals. All 405 earned 30 clicks in 119 days combined (~0.25/day). Use 410 rather than 404: unambiguous and de-indexed faster. Retain source files in git.",P1
https://panamarealestateguide.com/de/,/de/,de,other,0,0,,Remove,410 Gone,,GSC 119d: 0 clicks / 0 impr,"Machine-translated duplicate. Verified safe to delete: Semrush Top Pages shows 0 referring domains on every deep URL (93 of 103 ref domains point at the root), so there is no page-level link equity to preserve. ES/DE/PT buying demand is negligible (Semrush PA db: 32 kws / 190 total vol) and these pages actively cannibalise their own English originals. All 405 earned 30 clicks in 119 days combined (~0.25/day). Use 410 rather than 404: unambiguous and de-indexed faster. Retain source files in git.",P1
https://panamarealestateguide.com/de/articles/,/de/articles/,de,articles,0,0,,Remove,410 Gone,,GSC 119d: 0 clicks / 0 impr,"Machine-translated duplicate. Verified safe to delete: Semrush Top Pages shows 0 referring domains on every deep URL (93 of 103 ref domains point at the root), so there is no page-level link equity to preserve. ES/DE/PT buying demand is negligible (Semrush PA db: 32 kws / 190 total vol) and these pages actively cannibalise their own English originals. All 405 earned 30 clicks in 119 days combined (~0.25/day). Use 410 rather than 404: unambiguous and de-indexed faster. Retain source files in git.",P1
https://panamarealestateguide.com/de/news/,/de/news/,de,news,0,0,,Remove,410 Gone,,GSC 119d: 0 clicks / 0 impr,"Machine-translated duplicate. Verified safe to delete: Semrush Top Pages shows 0 referring domains on every deep URL (93 of 103 ref domains point at the root), so there is no page-level link equity to preserve. ES/DE/PT buying demand is negligible (Semrush PA db: 32 kws / 190 total vol) and these pages actively cannibalise their own English originals. All 405 earned 30 clicks in 119 days combined (~0.25/day). Use 410 rather than 404: unambiguous and de-indexed faster. Retain source files in git.",P1
https://panamarealestateguide.com/de/videos/,/de/videos/,de,videos,0,0,,Remove,410 Gone,,GSC 119d: 0 clicks / 0 impr,"Machine-translated duplicate. Verified safe to delete: Semrush Top Pages shows 0 referring domains on every deep URL (93 of 103 ref domains point at the root), so there is no page-level link equity to preserve. ES/DE/PT buying demand is negligible (Semrush PA db: 32 kws / 190 total vol) and these pages actively cannibalise their own English originals. All 405 earned 30 clicks in 119 days combined (~0.25/day). Use 410 rather than 404: unambiguous and de-indexed faster. Retain source files in git.",P1
https://panamarealestateguide.com/articles/costa-del-este-real-estate.html,/articles/costa-del-este-real-estate.html,en,articles,0,0,,Keep,no change,,GSC 119d: 0 clicks / 0 impr,Low signal but topically relevant and contributes internal-link/topical-authority value. Do not delete on zero traffic alone.,P3
https://panamarealestateguide.com/articles/colon-panama-real-estate.html,/articles/colon-panama-real-estate.html,en,articles,0,2,5.0,Keep,no change,,GSC 119d: 0 clicks / 2 impr / avg pos 5.0,Low signal but topically relevant and contributes internal-link/topical-authority value. Do not delete on zero traffic alone.,P3
https://panamarealestateguide.com/articles/avenida-balboa-panama-real-estate.html,/articles/avenida-balboa-panama-real-estate.html,en,articles,0,0,,Keep,no change,,GSC 119d: 0 clicks / 0 impr,Low signal but topically relevant and contributes internal-link/topical-authority value. Do not delete on zero traffic alone.,P3
https://panamarealestateguide.com/articles/2026-outlook.html,/articles/2026-outlook.html,en,articles,0,4,7.2,Consolidate,301,https://panamarealestateguide.com/articles/panama-real-estate-market-2026.html,GSC 119d: 0 clicks / 4 impr / avg pos 7.2,Confirmed cannibalisation — competes with the destination for the same query set. Merge unique passages into the destination and 301.,P1
https://panamarealestateguide.com/es/articles/2026-outlook.html,/es/articles/2026-outlook.html,es,articles,0,0,,Remove,410 Gone,,GSC 119d: 0 clicks / 0 impr,"Machine-translated duplicate. Verified safe to delete: Semrush Top Pages shows 0 referring domains on every deep URL (93 of 103 ref domains point at the root), so there is no page-level link equity to preserve. ES/DE/PT buying demand is negligible (Semrush PA db: 32 kws / 190 total vol) and these pages actively cannibalise their own English originals. All 405 earned 30 clicks in 119 days combined (~0.25/day). Use 410 rather than 404: unambiguous and de-indexed faster. Retain source files in git.",P1
https://panamarealestateguide.com/pt/articles/2026-outlook.html,/pt/articles/2026-outlook.html,pt,articles,0,0,,Remove,410 Gone,,GSC 119d: 0 clicks / 0 impr,"Machine-translated duplicate. Verified safe to delete: Semrush Top Pages shows 0 referring domains on every deep URL (93 of 103 ref domains point at the root), so there is no page-level link equity to preserve. ES/DE/PT buying demand is negligible (Semrush PA db: 32 kws / 190 total vol) and these pages actively cannibalise their own English originals. All 405 earned 30 clicks in 119 days combined (~0.25/day). Use 410 rather than 404: unambiguous and de-indexed faster. Retain source files in git.",P1
https://panamarealestateguide.com/de/articles/2026-outlook.html,/de/articles/2026-outlook.html,de,articles,0,0,,Remove,410 Gone,,GSC 119d: 0 clicks / 0 impr,"Machine-translated duplicate. Verified safe to delete: Semrush Top Pages shows 0 referring domains on every deep URL (93 of 103 ref domains point at the root), so there is no page-level link equity to preserve. ES/DE/PT buying demand is negligible (Semrush PA db: 32 kws / 190 total vol) and these pages actively cannibalise their own English originals. All 405 earned 30 clicks in 119 days combined (~0.25/day). Use 410 rather than 404: unambiguous and de-indexed faster. Retain source files in git.",P1
https://panamarealestateguide.com/articles/friendly-nations-2026.html,/articles/friendly-nations-2026.html,en,articles,0,0,,Keep,no change,,GSC 119d: 0 clicks / 0 impr,Low signal but topically relevant and contributes internal-link/topical-authority value. Do not delete on zero traffic alone.,P3
https://panamarealestateguide.com/es/articles/friendly-nations-2026.html,/es/articles/friendly-nations-2026.html,es,articles,0,0,,Remove,410 Gone,,GSC 119d: 0 clicks / 0 impr,"Machine-translated duplicate. Verified safe to delete: Semrush Top Pages shows 0 referring domains on every deep URL (93 of 103 ref domains point at the root), so there is no page-level link equity to preserve. ES/DE/PT buying demand is negligible (Semrush PA db: 32 kws / 190 total vol) and these pages actively cannibalise their own English originals. All 405 earned 30 clicks in 119 days combined (~0.25/day). Use 410 rather than 404: unambiguous and de-indexed faster. Retain source files in git.",P1
https://panamarealestateguide.com/pt/articles/friendly-nations-2026.html,/pt/articles/friendly-nations-2026.html,pt,articles,0,0,,Remove,410 Gone,,GSC 119d: 0 clicks / 0 impr,"Machine-translated duplicate. Verified safe to delete: Semrush Top Pages shows 0 referring domains on every deep URL (93 of 103 ref domains point at the root), so there is no page-level link equity to preserve. ES/DE/PT buying demand is negligible (Semrush PA db: 32 kws / 190 total vol) and these pages actively cannibalise their own English originals. All 405 earned 30 clicks in 119 days combined (~0.25/day). Use 410 rather than 404: unambiguous and de-indexed faster. Retain source files in git.",P1
https://panamarealestateguide.com/de/articles/friendly-nations-2026.html,/de/articles/friendly-nations-2026.html,de,articles,0,0,,Remove,410 Gone,,GSC 119d: 0 clicks / 0 impr,"Machine-translated duplicate. Verified safe to delete: Semrush Top Pages shows 0 referring domains on every deep URL (93 of 103 ref domains point at the root), so there is no page-level link equity to preserve. ES/DE/PT buying demand is negligible (Semrush PA db: 32 kws / 190 total vol) and these pages actively cannibalise their own English originals. All 405 earned 30 clicks in 119 days combined (~0.25/day). Use 410 rather than 404: unambiguous and de-indexed faster. Retain source files in git.",P1
https://panamarealestateguide.com/articles/pedasi-rising.html,/articles/pedasi-rising.html,en,articles,0,5,6.6,Keep,no change,,GSC 119d: 0 clicks / 5 impr / avg pos 6.6,Low signal but topically relevant and contributes internal-link/topical-authority value. Do not delete on zero traffic alone.,P3
https://panamarealestateguide.com/es/articles/pedasi-rising.html,/es/articles/pedasi-rising.html,es,articles,0,0,,Remove,410 Gone,,GSC 119d: 0 clicks / 0 impr,"Machine-translated duplicate. Verified safe to delete: Semrush Top Pages shows 0 referring domains on every deep URL (93 of 103 ref domains point at the root), so there is no page-level link equity to preserve. ES/DE/PT buying demand is negligible (Semrush PA db: 32 kws / 190 total vol) and these pages actively cannibalise their own English originals. All 405 earned 30 clicks in 119 days combined (~0.25/day). Use 410 rather than 404: unambiguous and de-indexed faster. Retain source files in git.",P1
https://panamarealestateguide.com/pt/articles/pedasi-rising.html,/pt/articles/pedasi-rising.html,pt,articles,0,0,,Remove,410 Gone,,GSC 119d: 0 clicks / 0 impr,"Machine-translated duplicate. Verified safe to delete: Semrush Top Pages shows 0 referring domains on every deep URL (93 of 103 ref domains point at the root), so there is no page-level link equity to preserve. ES/DE/PT buying demand is negligible (Semrush PA db: 32 kws / 190 total vol) and these pages actively cannibalise their own English originals. All 405 earned 30 clicks in 119 days combined (~0.25/day). Use 410 rather than 404: unambiguous and de-indexed faster. Retain source files in git.",P1
https://panamarealestateguide.com/de/articles/pedasi-rising.html,/de/articles/pedasi-rising.html,de,articles,0,0,,Remove,410 Gone,,GSC 119d: 0 clicks / 0 impr,"Machine-translated duplicate. Verified safe to delete: Semrush Top Pages shows 0 referring domains on every deep URL (93 of 103 ref domains point at the root), so there is no page-level link equity to preserve. ES/DE/PT buying demand is negligible (Semrush PA db: 32 kws / 190 total vol) and these pages actively cannibalise their own English originals. All 405 earned 30 clicks in 119 days combined (~0.25/day). Use 410 rather than 404: unambiguous and de-indexed faster. Retain source files in git.",P1
https://panamarealestateguide.com/articles/rental-yields.html,/articles/rental-yields.html,en,articles,0,1,2.0,Consolidate,301,https://panamarealestateguide.com/articles/panama-real-estate-investment-lifestyle-2026.html,GSC 119d: 0 clicks / 1 impr / avg pos 2.0,Confirmed cannibalisation — competes with the destination for the same query set. Merge unique passages into the destination and 301.,P1
https://panamarealestateguide.com/es/articles/rental-yields.html,/es/articles/rental-yields.html,es,articles,0,0,,Remove,410 Gone,,GSC 119d: 0 clicks / 0 impr,"Machine-translated duplicate. Verified safe to delete: Semrush Top Pages shows 0 referring domains on every deep URL (93 of 103 ref domains point at the root), so there is no page-level link equity to preserve. ES/DE/PT buying demand is negligible (Semrush PA db: 32 kws / 190 total vol) and these pages actively cannibalise their own English originals. All 405 earned 30 clicks in 119 days combined (~0.25/day). Use 410 rather than 404: unambiguous and de-indexed faster. Retain source files in git.",P1
https://panamarealestateguide.com/pt/articles/rental-yields.html,/pt/articles/rental-yields.html,pt,articles,0,0,,Remove,410 Gone,,GSC 119d: 0 clicks / 0 impr,"Machine-translated duplicate. Verified safe to delete: Semrush Top Pages shows 0 referring domains on every deep URL (93 of 103 ref domains point at the root), so there is no page-level link equity to preserve. ES/DE/PT buying demand is negligible (Semrush PA db: 32 kws / 190 total vol) and these pages actively cannibalise their own English originals. All 405 earned 30 clicks in 119 days combined (~0.25/day). Use 410 rather than 404: unambiguous and de-indexed faster. Retain source files in git.",P1
https://panamarealestateguide.com/de/articles/rental-yields.html,/de/articles/rental-yields.html,de,articles,0,0,,Remove,410 Gone,,GSC 119d: 0 clicks / 0 impr,"Machine-translated duplicate. Verified safe to delete: Semrush Top Pages shows 0 referring domains on every deep URL (93 of 103 ref domains point at the root), so there is no page-level link equity to preserve. ES/DE/PT buying demand is negligible (Semrush PA db: 32 kws / 190 total vol) and these pages actively cannibalise their own English originals. All 405 earned 30 clicks in 119 days combined (~0.25/day). Use 410 rather than 404: unambiguous and de-indexed faster. Retain source files in git.",P1
https://panamarealestateguide.com/articles/dollarization.html,/articles/dollarization.html,en,articles,0,46,10.3,Consolidate,301,https://panamarealestateguide.com/articles/panama-real-estate-market-2026.html,GSC 119d: 0 clicks / 46 impr / avg pos 10.3,Confirmed cannibalisation — competes with the destination for the same query set. Merge unique passages into the destination and 301.,P1
https://panamarealestateguide.com/es/articles/dollarization.html,/es/articles/dollarization.html,es,articles,0,0,,Remove,410 Gone,,GSC 119d: 0 clicks / 0 impr,"Machine-translated duplicate. Verified safe to delete: Semrush Top Pages shows 0 referring domains on every deep URL (93 of 103 ref domains point at the root), so there is no page-level link equity to preserve. ES/DE/PT buying demand is negligible (Semrush PA db: 32 kws / 190 total vol) and these pages actively cannibalise their own English originals. All 405 earned 30 clicks in 119 days combined (~0.25/day). Use 410 rather than 404: unambiguous and de-indexed faster. Retain source files in git.",P1
https://panamarealestateguide.com/pt/articles/dollarization.html,/pt/articles/dollarization.html,pt,articles,0,0,,Remove,410 Gone,,GSC 119d: 0 clicks / 0 impr,"Machine-translated duplicate. Verified safe to delete: Semrush Top Pages shows 0 referring domains on every deep URL (93 of 103 ref domains point at the root), so there is no page-level link equity to preserve. ES/DE/PT buying demand is negligible (Semrush PA db: 32 kws / 190 total vol) and these pages actively cannibalise their own English originals. All 405 earned 30 clicks in 119 days combined (~0.25/day). Use 410 rather than 404: unambiguous and de-indexed faster. Retain source files in git.",P1
https://panamarealestateguide.com/de/articles/dollarization.html,/de/articles/dollarization.html,de,articles,0,0,,Remove,410 Gone,,GSC 119d: 0 clicks / 0 impr,"Machine-translated duplicate. Verified safe to delete: Semrush Top Pages shows 0 referring domains on every deep URL (93 of 103 ref domains point at the root), so there is no page-level link equity to preserve. ES/DE/PT buying demand is negligible (Semrush PA db: 32 kws / 190 total vol) and these pages actively cannibalise their own English originals. All 405 earned 30 clicks in 119 days combined (~0.25/day). Use 410 rather than 404: unambiguous and de-indexed faster. Retain source files in git.",P1
https://panamarealestateguide.com/articles/tax-primer.html,/articles/tax-primer.html,en,articles,0,23,21.6,Consolidate,301,https://panamarealestateguide.com/articles/panama-tax-benefits-foreigners-2026.html,GSC 119d: 0 clicks / 23 impr / avg pos 21.6,Confirmed cannibalisation — competes with the destination for the same query set. Merge unique passages into the destination and 301.,P1
https://panamarealestateguide.com/es/articles/tax-primer.html,/es/articles/tax-primer.html,es,articles,0,0,,Remove,410 Gone,,GSC 119d: 0 clicks / 0 impr,"Machine-translated duplicate. Verified safe to delete: Semrush Top Pages shows 0 referring domains on every deep URL (93 of 103 ref domains point at the root), so there is no page-level link equity to preserve. ES/DE/PT buying demand is negligible (Semrush PA db: 32 kws / 190 total vol) and these pages actively cannibalise their own English originals. All 405 earned 30 clicks in 119 days combined (~0.25/day). Use 410 rather than 404: unambiguous and de-indexed faster. Retain source files in git.",P1
https://panamarealestateguide.com/pt/articles/tax-primer.html,/pt/articles/tax-primer.html,pt,articles,0,0,,Remove,410 Gone,,GSC 119d: 0 clicks / 0 impr,"Machine-translated duplicate. Verified safe to delete: Semrush Top Pages shows 0 referring domains on every deep URL (93 of 103 ref domains point at the root), so there is no page-level link equity to preserve. ES/DE/PT buying demand is negligible (Semrush PA db: 32 kws / 190 total vol) and these pages actively cannibalise their own English originals. All 405 earned 30 clicks in 119 days combined (~0.25/day). Use 410 rather than 404: unambiguous and de-indexed faster. Retain source files in git.",P1
https://panamarealestateguide.com/de/articles/tax-primer.html,/de/articles/tax-primer.html,de,articles,0,0,,Remove,410 Gone,,GSC 119d: 0 clicks / 0 impr,"Machine-translated duplicate. Verified safe to delete: Semrush Top Pages shows 0 referring domains on every deep URL (93 of 103 ref domains point at the root), so there is no page-level link equity to preserve. ES/DE/PT buying demand is negligible (Semrush PA db: 32 kws / 190 total vol) and these pages actively cannibalise their own English originals. All 405 earned 30 clicks in 119 days combined (~0.25/day). Use 410 rather than 404: unambiguous and de-indexed faster. Retain source files in git.",P1
https://panamarealestateguide.com/articles/pensionado-panama-city-condo-2026.html,/articles/pensionado-panama-city-condo-2026.html,en,articles,0,3,12.3,Consolidate,301,https://panamarealestateguide.com/articles/retire-in-panama.html,GSC 119d: 0 clicks / 3 impr / avg pos 12.3,"Nationality-slice page with negligible measured demand. Merge the genuinely distinct content (visa reciprocity, tax treaty) into the residency pillar as a section.",P2
https://panamarealestateguide.com/es/articles/pensionado-panama-city-condo-2026.html,/es/articles/pensionado-panama-city-condo-2026.html,es,articles,0,0,,Remove,410 Gone,,GSC 119d: 0 clicks / 0 impr,"Machine-translated duplicate. Verified safe to delete: Semrush Top Pages shows 0 referring domains on every deep URL (93 of 103 ref domains point at the root), so there is no page-level link equity to preserve. ES/DE/PT buying demand is negligible (Semrush PA db: 32 kws / 190 total vol) and these pages actively cannibalise their own English originals. All 405 earned 30 clicks in 119 days combined (~0.25/day). Use 410 rather than 404: unambiguous and de-indexed faster. Retain source files in git.",P1
https://panamarealestateguide.com/pt/articles/pensionado-panama-city-condo-2026.html,/pt/articles/pensionado-panama-city-condo-2026.html,pt,articles,0,0,,Remove,410 Gone,,GSC 119d: 0 clicks / 0 impr,"Machine-translated duplicate. Verified safe to delete: Semrush Top Pages shows 0 referring domains on every deep URL (93 of 103 ref domains point at the root), so there is no page-level link equity to preserve. ES/DE/PT buying demand is negligible (Semrush PA db: 32 kws / 190 total vol) and these pages actively cannibalise their own English originals. All 405 earned 30 clicks in 119 days combined (~0.25/day). Use 410 rather than 404: unambiguous and de-indexed faster. Retain source files in git.",P1
https://panamarealestateguide.com/de/articles/pensionado-panama-city-condo-2026.html,/de/articles/pensionado-panama-city-condo-2026.html,de,articles,0,0,,Remove,410 Gone,,GSC 119d: 0 clicks / 0 impr,"Machine-translated duplicate. Verified safe to delete: Semrush Top Pages shows 0 referring domains on every deep URL (93 of 103 ref domains point at the root), so there is no page-level link equity to preserve. ES/DE/PT buying demand is negligible (Semrush PA db: 32 kws / 190 total vol) and these pages actively cannibalise their own English originals. All 405 earned 30 clicks in 119 days combined (~0.25/day). Use 410 rather than 404: unambiguous and de-indexed faster. Retain source files in git.",P1
https://panamarealestateguide.com/articles/condos-panama-bajo-400k-colombianos.html,/articles/condos-panama-bajo-400k-colombianos.html,en,articles,0,8,11.2,Consolidate,301,https://panamarealestateguide.com/articles/retire-in-panama.html,GSC 119d: 0 clicks / 8 impr / avg pos 11.2,"Nationality-slice page with negligible measured demand. Merge the genuinely distinct content (visa reciprocity, tax treaty) into the residency pillar as a section.",P2
https://panamarealestateguide.com/articles/comprar-imovel-panama-brasileiros-2026.html,/articles/comprar-imovel-panama-brasileiros-2026.html,en,articles,0,18,5.3,Consolidate,301,https://panamarealestateguide.com/articles/retire-in-panama.html,GSC 119d: 0 clicks / 18 impr / avg pos 5.3,"Nationality-slice page with negligible measured demand. Merge the genuinely distinct content (visa reciprocity, tax treaty) into the residency pillar as a section.",P2
https://panamarealestateguide.com/articles/panama-inversion-mexicanos-2026.html,/articles/panama-inversion-mexicanos-2026.html,en,articles,0,15,11.7,Consolidate,301,https://panamarealestateguide.com/articles/retire-in-panama.html,GSC 119d: 0 clicks / 15 impr / avg pos 11.7,"Nationality-slice page with negligible measured demand. Merge the genuinely distinct content (visa reciprocity, tax treaty) into the residency pillar as a section.",P2
https://panamarealestateguide.com/articles/espanoles-panama-alternativa-golden-visa-2026.html,/articles/espanoles-panama-alternativa-golden-visa-2026.html,en,articles,0,6,4.8,Consolidate,301,https://panamarealestateguide.com/articles/retire-in-panama.html,GSC 119d: 0 clicks / 6 impr / avg pos 4.8,"Nationality-slice page with negligible measured demand. Merge the genuinely distinct content (visa reciprocity, tax treaty) into the residency pillar as a section.",P2
https://panamarealestateguide.com/articles/best-neighborhoods-panama-city-expats.html,/articles/best-neighborhoods-panama-city-expats.html,en,articles,0,729,37.7,Improve,rewrite in place,,GSC 119d: 0 clicks / 729 impr / avg pos 37.7,"Ranks 49-96 in Semrush US for keywords with KD 0-31. The gap is content depth and E-E-A-T, not competition. Highest-return work on the site.",P0
https://panamarealestateguide.com/es/articles/best-neighborhoods-panama-city-expats.html,/es/articles/best-neighborhoods-panama-city-expats.html,es,articles,0,0,,Remove,410 Gone,,GSC 119d: 0 clicks / 0 impr,"Machine-translated duplicate. Verified safe to delete: Semrush Top Pages shows 0 referring domains on every deep URL (93 of 103 ref domains point at the root), so there is no page-level link equity to preserve. ES/DE/PT buying demand is negligible (Semrush PA db: 32 kws / 190 total vol) and these pages actively cannibalise their own English originals. All 405 earned 30 clicks in 119 days combined (~0.25/day). Use 410 rather than 404: unambiguous and de-indexed faster. Retain source files in git.",P1
https://panamarealestateguide.com/pt/articles/best-neighborhoods-panama-city-expats.html,/pt/articles/best-neighborhoods-panama-city-expats.html,pt,articles,0,0,,Remove,410 Gone,,GSC 119d: 0 clicks / 0 impr,"Machine-translated duplicate. Verified safe to delete: Semrush Top Pages shows 0 referring domains on every deep URL (93 of 103 ref domains point at the root), so there is no page-level link equity to preserve. ES/DE/PT buying demand is negligible (Semrush PA db: 32 kws / 190 total vol) and these pages actively cannibalise their own English originals. All 405 earned 30 clicks in 119 days combined (~0.25/day). Use 410 rather than 404: unambiguous and de-indexed faster. Retain source files in git.",P1
https://panamarealestateguide.com/de/articles/best-neighborhoods-panama-city-expats.html,/de/articles/best-neighborhoods-panama-city-expats.html,de,articles,1,68,7.1,Remove,410 Gone,,GSC 119d: 1 clicks / 68 impr / avg pos 7.1,"Machine-translated duplicate. Verified safe to delete: Semrush Top Pages shows 0 referring domains on every deep URL (93 of 103 ref domains point at the root), so there is no page-level link equity to preserve. ES/DE/PT buying demand is negligible (Semrush PA db: 32 kws / 190 total vol) and these pages actively cannibalise their own English originals. All 405 earned 30 clicks in 119 days combined (~0.25/day). Use 410 rather than 404: unambiguous and de-indexed faster. Retain source files in git.",P1
https://panamarealestateguide.com/articles/bocas-del-toro-real-estate.html,/articles/bocas-del-toro-real-estate.html,en,articles,0,100,6.3,Improve,rewrite in place,,GSC 119d: 0 clicks / 100 impr / avg pos 6.3,"Ranks 49-96 in Semrush US for keywords with KD 0-31. The gap is content depth and E-E-A-T, not competition. Highest-return work on the site.",P0
https://panamarealestateguide.com/es/articles/bocas-del-toro-real-estate.html,/es/articles/bocas-del-toro-real-estate.html,es,articles,0,0,,Remove,410 Gone,,GSC 119d: 0 clicks / 0 impr,"Machine-translated duplicate. Verified safe to delete: Semrush Top Pages shows 0 referring domains on every deep URL (93 of 103 ref domains point at the root), so there is no page-level link equity to preserve. ES/DE/PT buying demand is negligible (Semrush PA db: 32 kws / 190 total vol) and these pages actively cannibalise their own English originals. All 405 earned 30 clicks in 119 days combined (~0.25/day). Use 410 rather than 404: unambiguous and de-indexed faster. Retain source files in git.",P1
https://panamarealestateguide.com/pt/articles/bocas-del-toro-real-estate.html,/pt/articles/bocas-del-toro-real-estate.html,pt,articles,0,0,,Remove,410 Gone,,GSC 119d: 0 clicks / 0 impr,"Machine-translated duplicate. Verified safe to delete: Semrush Top Pages shows 0 referring domains on every deep URL (93 of 103 ref domains point at the root), so there is no page-level link equity to preserve. ES/DE/PT buying demand is negligible (Semrush PA db: 32 kws / 190 total vol) and these pages actively cannibalise their own English originals. All 405 earned 30 clicks in 119 days combined (~0.25/day). Use 410 rather than 404: unambiguous and de-indexed faster. Retain source files in git.",P1
https://panamarealestateguide.com/de/articles/bocas-del-toro-real-estate.html,/de/articles/bocas-del-toro-real-estate.html,de,articles,1,1,4.0,Remove,410 Gone,,GSC 119d: 1 clicks / 1 impr / avg pos 4.0,"Machine-translated duplicate. Verified safe to delete: Semrush Top Pages shows 0 referring domains on every deep URL (93 of 103 ref domains point at the root), so there is no page-level link equity to preserve. ES/DE/PT buying demand is negligible (Semrush PA db: 32 kws / 190 total vol) and these pages actively cannibalise their own English originals. All 405 earned 30 clicks in 119 days combined (~0.25/day). Use 410 rather than 404: unambiguous and de-indexed faster. Retain source files in git.",P1
https://panamarealestateguide.com/articles/boquete-panama-real-estate.html,/articles/boquete-panama-real-estate.html,en,articles,6,593,7.3,Improve,rewrite in place,,GSC 119d: 6 clicks / 593 impr / avg pos 7.3,"Ranks 49-96 in Semrush US for keywords with KD 0-31. The gap is content depth and E-E-A-T, not competition. Highest-return work on the site.",P0
https://panamarealestateguide.com/es/articles/boquete-panama-real-estate.html,/es/articles/boquete-panama-real-estate.html,es,articles,1,14,6.6,Remove,410 Gone,,GSC 119d: 1 clicks / 14 impr / avg pos 6.6,"Machine-translated duplicate. Verified safe to delete: Semrush Top Pages shows 0 referring domains on every deep URL (93 of 103 ref domains point at the root), so there is no page-level link equity to preserve. ES/DE/PT buying demand is negligible (Semrush PA db: 32 kws / 190 total vol) and these pages actively cannibalise their own English originals. All 405 earned 30 clicks in 119 days combined (~0.25/day). Use 410 rather than 404: unambiguous and de-indexed faster. Retain source files in git.",P1
https://panamarealestateguide.com/pt/articles/boquete-panama-real-estate.html,/pt/articles/boquete-panama-real-estate.html,pt,articles,0,0,,Remove,410 Gone,,GSC 119d: 0 clicks / 0 impr,"Machine-translated duplicate. Verified safe to delete: Semrush Top Pages shows 0 referring domains on every deep URL (93 of 103 ref domains point at the root), so there is no page-level link equity to preserve. ES/DE/PT buying demand is negligible (Semrush PA db: 32 kws / 190 total vol) and these pages actively cannibalise their own English originals. All 405 earned 30 clicks in 119 days combined (~0.25/day). Use 410 rather than 404: unambiguous and de-indexed faster. Retain source files in git.",P1
https://panamarealestateguide.com/de/articles/boquete-panama-real-estate.html,/de/articles/boquete-panama-real-estate.html,de,articles,0,0,,Remove,410 Gone,,GSC 119d: 0 clicks / 0 impr,"Machine-translated duplicate. Verified safe to delete: Semrush Top Pages shows 0 referring domains on every deep URL (93 of 103 ref domains point at the root), so there is no page-level link equity to preserve. ES/DE/PT buying demand is negligible (Semrush PA db: 32 kws / 190 total vol) and these pages actively cannibalise their own English originals. All 405 earned 30 clicks in 119 days combined (~0.25/day). Use 410 rather than 404: unambiguous and de-indexed faster. Retain source files in git.",P1
https://panamarealestateguide.com/articles/boquete-real-estate-investment-guide-2026.html,/articles/boquete-real-estate-investment-guide-2026.html,en,articles,0,74,6.8,Consolidate,301,https://panamarealestateguide.com/articles/boquete-panama-real-estate.html,GSC 119d: 0 clicks / 74 impr / avg pos 6.8,Confirmed cannibalisation — competes with the destination for the same query set. Merge unique passages into the destination and 301.,P1
https://panamarealestateguide.com/es/articles/boquete-real-estate-investment-guide-2026.html,/es/articles/boquete-real-estate-investment-guide-2026.html,es,articles,0,0,,Remove,410 Gone,,GSC 119d: 0 clicks / 0 impr,"Machine-translated duplicate. Verified safe to delete: Semrush Top Pages shows 0 referring domains on every deep URL (93 of 103 ref domains point at the root), so there is no page-level link equity to preserve. ES/DE/PT buying demand is negligible (Semrush PA db: 32 kws / 190 total vol) and these pages actively cannibalise their own English originals. All 405 earned 30 clicks in 119 days combined (~0.25/day). Use 410 rather than 404: unambiguous and de-indexed faster. Retain source files in git.",P1
https://panamarealestateguide.com/pt/articles/boquete-real-estate-investment-guide-2026.html,/pt/articles/boquete-real-estate-investment-guide-2026.html,pt,articles,0,0,,Remove,410 Gone,,GSC 119d: 0 clicks / 0 impr,"Machine-translated duplicate. Verified safe to delete: Semrush Top Pages shows 0 referring domains on every deep URL (93 of 103 ref domains point at the root), so there is no page-level link equity to preserve. ES/DE/PT buying demand is negligible (Semrush PA db: 32 kws / 190 total vol) and these pages actively cannibalise their own English originals. All 405 earned 30 clicks in 119 days combined (~0.25/day). Use 410 rather than 404: unambiguous and de-indexed faster. Retain source files in git.",P1
https://panamarealestateguide.com/de/articles/boquete-real-estate-investment-guide-2026.html,/de/articles/boquete-real-estate-investment-guide-2026.html,de,articles,0,0,,Remove,410 Gone,,GSC 119d: 0 clicks / 0 impr,"Machine-translated duplicate. Verified safe to delete: Semrush Top Pages shows 0 referring domains on every deep URL (93 of 103 ref domains point at the root), so there is no page-level link equity to preserve. ES/DE/PT buying demand is negligible (Semrush PA db: 32 kws / 190 total vol) and these pages actively cannibalise their own English originals. All 405 earned 30 clicks in 119 days combined (~0.25/day). Use 410 rather than 404: unambiguous and de-indexed faster. Retain source files in git.",P1
https://panamarealestateguide.com/articles/coronado-real-estate-guide.html,/articles/coronado-real-estate-guide.html,en,articles,0,38,5.8,Improve,rewrite in place,,GSC 119d: 0 clicks / 38 impr / avg pos 5.8,"Ranks 49-96 in Semrush US for keywords with KD 0-31. The gap is content depth and E-E-A-T, not competition. Highest-return work on the site.",P0
https://panamarealestateguide.com/es/articles/coronado-real-estate-guide.html,/es/articles/coronado-real-estate-guide.html,es,articles,0,0,,Remove,410 Gone,,GSC 119d: 0 clicks / 0 impr,"Machine-translated duplicate. Verified safe to delete: Semrush Top Pages shows 0 referring domains on every deep URL (93 of 103 ref domains point at the root), so there is no page-level link equity to preserve. ES/DE/PT buying demand is negligible (Semrush PA db: 32 kws / 190 total vol) and these pages actively cannibalise their own English originals. All 405 earned 30 clicks in 119 days combined (~0.25/day). Use 410 rather than 404: unambiguous and de-indexed faster. Retain source files in git.",P1
https://panamarealestateguide.com/pt/articles/coronado-real-estate-guide.html,/pt/articles/coronado-real-estate-guide.html,pt,articles,0,0,,Remove,410 Gone,,GSC 119d: 0 clicks / 0 impr,"Machine-translated duplicate. Verified safe to delete: Semrush Top Pages shows 0 referring domains on every deep URL (93 of 103 ref domains point at the root), so there is no page-level link equity to preserve. ES/DE/PT buying demand is negligible (Semrush PA db: 32 kws / 190 total vol) and these pages actively cannibalise their own English originals. All 405 earned 30 clicks in 119 days combined (~0.25/day). Use 410 rather than 404: unambiguous and de-indexed faster. Retain source files in git.",P1
https://panamarealestateguide.com/de/articles/coronado-real-estate-guide.html,/de/articles/coronado-real-estate-guide.html,de,articles,0,0,,Remove,410 Gone,,GSC 119d: 0 clicks / 0 impr,"Machine-translated duplicate. Verified safe to delete: Semrush Top Pages shows 0 referring domains on every deep URL (93 of 103 ref domains point at the root), so there is no page-level link equity to preserve. ES/DE/PT buying demand is negligible (Semrush PA db: 32 kws / 190 total vol) and these pages actively cannibalise their own English originals. All 405 earned 30 clicks in 119 days combined (~0.25/day). Use 410 rather than 404: unambiguous and de-indexed faster. Retain source files in git.",P1
https://panamarealestateguide.com/articles/living-in-panama-city.html,/articles/living-in-panama-city.html,en,articles,0,14,10.4,Consolidate,301,https://panamarealestateguide.com/articles/best-neighborhoods-panama-city-expats.html,GSC 119d: 0 clicks / 14 impr / avg pos 10.4,Confirmed cannibalisation — competes with the destination for the same query set. Merge unique passages into the destination and 301.,P1
https://panamarealestateguide.com/es/articles/living-in-panama-city.html,/es/articles/living-in-panama-city.html,es,articles,0,0,,Remove,410 Gone,,GSC 119d: 0 clicks / 0 impr,"Machine-translated duplicate. Verified safe to delete: Semrush Top Pages shows 0 referring domains on every deep URL (93 of 103 ref domains point at the root), so there is no page-level link equity to preserve. ES/DE/PT buying demand is negligible (Semrush PA db: 32 kws / 190 total vol) and these pages actively cannibalise their own English originals. All 405 earned 30 clicks in 119 days combined (~0.25/day). Use 410 rather than 404: unambiguous and de-indexed faster. Retain source files in git.",P1
https://panamarealestateguide.com/pt/articles/living-in-panama-city.html,/pt/articles/living-in-panama-city.html,pt,articles,0,0,,Remove,410 Gone,,GSC 119d: 0 clicks / 0 impr,"Machine-translated duplicate. Verified safe to delete: Semrush Top Pages shows 0 referring domains on every deep URL (93 of 103 ref domains point at the root), so there is no page-level link equity to preserve. ES/DE/PT buying demand is negligible (Semrush PA db: 32 kws / 190 total vol) and these pages actively cannibalise their own English originals. All 405 earned 30 clicks in 119 days combined (~0.25/day). Use 410 rather than 404: unambiguous and de-indexed faster. Retain source files in git.",P1
https://panamarealestateguide.com/de/articles/living-in-panama-city.html,/de/articles/living-in-panama-city.html,de,articles,0,0,,Remove,410 Gone,,GSC 119d: 0 clicks / 0 impr,"Machine-translated duplicate. Verified safe to delete: Semrush Top Pages shows 0 referring domains on every deep URL (93 of 103 ref domains point at the root), so there is no page-level link equity to preserve. ES/DE/PT buying demand is negligible (Semrush PA db: 32 kws / 190 total vol) and these pages actively cannibalise their own English originals. All 405 earned 30 clicks in 119 days combined (~0.25/day). Use 410 rather than 404: unambiguous and de-indexed faster. Retain source files in git.",P1
https://panamarealestateguide.com/articles/playa-venao-panama.html,/articles/playa-venao-panama.html,en,articles,0,36,6.9,Improve,rewrite in place,,GSC 119d: 0 clicks / 36 impr / avg pos 6.9,Has measurable impressions but weak position; a rewrite should convert impressions to clicks.,P2
https://panamarealestateguide.com/es/articles/playa-venao-panama.html,/es/articles/playa-venao-panama.html,es,articles,0,0,,Remove,410 Gone,,GSC 119d: 0 clicks / 0 impr,"Machine-translated duplicate. Verified safe to delete: Semrush Top Pages shows 0 referring domains on every deep URL (93 of 103 ref domains point at the root), so there is no page-level link equity to preserve. ES/DE/PT buying demand is negligible (Semrush PA db: 32 kws / 190 total vol) and these pages actively cannibalise their own English originals. All 405 earned 30 clicks in 119 days combined (~0.25/day). Use 410 rather than 404: unambiguous and de-indexed faster. Retain source files in git.",P1
https://panamarealestateguide.com/pt/articles/playa-venao-panama.html,/pt/articles/playa-venao-panama.html,pt,articles,0,0,,Remove,410 Gone,,GSC 119d: 0 clicks / 0 impr,"Machine-translated duplicate. Verified safe to delete: Semrush Top Pages shows 0 referring domains on every deep URL (93 of 103 ref domains point at the root), so there is no page-level link equity to preserve. ES/DE/PT buying demand is negligible (Semrush PA db: 32 kws / 190 total vol) and these pages actively cannibalise their own English originals. All 405 earned 30 clicks in 119 days combined (~0.25/day). Use 410 rather than 404: unambiguous and de-indexed faster. Retain source files in git.",P1
https://panamarealestateguide.com/de/articles/playa-venao-panama.html,/de/articles/playa-venao-panama.html,de,articles,0,0,,Remove,410 Gone,,GSC 119d: 0 clicks / 0 impr,"Machine-translated duplicate. Verified safe to delete: Semrush Top Pages shows 0 referring domains on every deep URL (93 of 103 ref domains point at the root), so there is no page-level link equity to preserve. ES/DE/PT buying demand is negligible (Semrush PA db: 32 kws / 190 total vol) and these pages actively cannibalise their own English originals. All 405 earned 30 clicks in 119 days combined (~0.25/day). Use 410 rather than 404: unambiguous and de-indexed faster. Retain source files in git.",P1
https://panamarealestateguide.com/articles/santa-catalina-panama.html,/articles/santa-catalina-panama.html,en,articles,0,4,5.2,Keep,no change,,GSC 119d: 0 clicks / 4 impr / avg pos 5.2,Low signal but topically relevant and contributes internal-link/topical-authority value. Do not delete on zero traffic alone.,P3
https://panamarealestateguide.com/es/articles/santa-catalina-panama.html,/es/articles/santa-catalina-panama.html,es,articles,0,0,,Remove,410 Gone,,GSC 119d: 0 clicks / 0 impr,"Machine-translated duplicate. Verified safe to delete: Semrush Top Pages shows 0 referring domains on every deep URL (93 of 103 ref domains point at the root), so there is no page-level link equity to preserve. ES/DE/PT buying demand is negligible (Semrush PA db: 32 kws / 190 total vol) and these pages actively cannibalise their own English originals. All 405 earned 30 clicks in 119 days combined (~0.25/day). Use 410 rather than 404: unambiguous and de-indexed faster. Retain source files in git.",P1
https://panamarealestateguide.com/pt/articles/santa-catalina-panama.html,/pt/articles/santa-catalina-panama.html,pt,articles,0,0,,Remove,410 Gone,,GSC 119d: 0 clicks / 0 impr,"Machine-translated duplicate. Verified safe to delete: Semrush Top Pages shows 0 referring domains on every deep URL (93 of 103 ref domains point at the root), so there is no page-level link equity to preserve. ES/DE/PT buying demand is negligible (Semrush PA db: 32 kws / 190 total vol) and these pages actively cannibalise their own English originals. All 405 earned 30 clicks in 119 days combined (~0.25/day). Use 410 rather than 404: unambiguous and de-indexed faster. Retain source files in git.",P1
https://panamarealestateguide.com/de/articles/santa-catalina-panama.html,/de/articles/santa-catalina-panama.html,de,articles,0,0,,Remove,410 Gone,,GSC 119d: 0 clicks / 0 impr,"Machine-translated duplicate. Verified safe to delete: Semrush Top Pages shows 0 referring domains on every deep URL (93 of 103 ref domains point at the root), so there is no page-level link equity to preserve. ES/DE/PT buying demand is negligible (Semrush PA db: 32 kws / 190 total vol) and these pages actively cannibalise their own English originals. All 405 earned 30 clicks in 119 days combined (~0.25/day). Use 410 rather than 404: unambiguous and de-indexed faster. Retain source files in git.",P1
https://panamarealestateguide.com/articles/condos-for-sale-panama-buyers-guide.html,/articles/condos-for-sale-panama-buyers-guide.html,en,articles,0,15,5.7,Improve,rewrite in place,,GSC 119d: 0 clicks / 15 impr / avg pos 5.7,"Ranks 49-96 in Semrush US for keywords with KD 0-31. The gap is content depth and E-E-A-T, not competition. Highest-return work on the site.",P0
https://panamarealestateguide.com/es/articles/condos-for-sale-panama-buyers-guide.html,/es/articles/condos-for-sale-panama-buyers-guide.html,es,articles,0,0,,Remove,410 Gone,,GSC 119d: 0 clicks / 0 impr,"Machine-translated duplicate. Verified safe to delete: Semrush Top Pages shows 0 referring domains on every deep URL (93 of 103 ref domains point at the root), so there is no page-level link equity to preserve. ES/DE/PT buying demand is negligible (Semrush PA db: 32 kws / 190 total vol) and these pages actively cannibalise their own English originals. All 405 earned 30 clicks in 119 days combined (~0.25/day). Use 410 rather than 404: unambiguous and de-indexed faster. Retain source files in git.",P1
https://panamarealestateguide.com/pt/articles/condos-for-sale-panama-buyers-guide.html,/pt/articles/condos-for-sale-panama-buyers-guide.html,pt,articles,0,0,,Remove,410 Gone,,GSC 119d: 0 clicks / 0 impr,"Machine-translated duplicate. Verified safe to delete: Semrush Top Pages shows 0 referring domains on every deep URL (93 of 103 ref domains point at the root), so there is no page-level link equity to preserve. ES/DE/PT buying demand is negligible (Semrush PA db: 32 kws / 190 total vol) and these pages actively cannibalise their own English originals. All 405 earned 30 clicks in 119 days combined (~0.25/day). Use 410 rather than 404: unambiguous and de-indexed faster. Retain source files in git.",P1
https://panamarealestateguide.com/de/articles/condos-for-sale-panama-buyers-guide.html,/de/articles/condos-for-sale-panama-buyers-guide.html,de,articles,0,0,,Remove,410 Gone,,GSC 119d: 0 clicks / 0 impr,"Machine-translated duplicate. Verified safe to delete: Semrush Top Pages shows 0 referring domains on every deep URL (93 of 103 ref domains point at the root), so there is no page-level link equity to preserve. ES/DE/PT buying demand is negligible (Semrush PA db: 32 kws / 190 total vol) and these pages actively cannibalise their own English originals. All 405 earned 30 clicks in 119 days combined (~0.25/day). Use 410 rather than 404: unambiguous and de-indexed faster. Retain source files in git.",P1
https://panamarealestateguide.com/articles/how-to-buy-property-in-panama-2026-guide.html,/articles/how-to-buy-property-in-panama-2026-guide.html,en,articles,0,158,9.3,Consolidate,301,https://panamarealestateguide.com/articles/panama-property-buying-process-guide.html,GSC 119d: 0 clicks / 158 impr / avg pos 9.3,Confirmed cannibalisation — competes with the destination for the same query set. Merge unique passages into the destination and 301.,P1
https://panamarealestateguide.com/es/articles/how-to-buy-property-in-panama-2026-guide.html,/es/articles/how-to-buy-property-in-panama-2026-guide.html,es,articles,0,0,,Remove,410 Gone,,GSC 119d: 0 clicks / 0 impr,"Machine-translated duplicate. Verified safe to delete: Semrush Top Pages shows 0 referring domains on every deep URL (93 of 103 ref domains point at the root), so there is no page-level link equity to preserve. ES/DE/PT buying demand is negligible (Semrush PA db: 32 kws / 190 total vol) and these pages actively cannibalise their own English originals. All 405 earned 30 clicks in 119 days combined (~0.25/day). Use 410 rather than 404: unambiguous and de-indexed faster. Retain source files in git.",P1
https://panamarealestateguide.com/pt/articles/how-to-buy-property-in-panama-2026-guide.html,/pt/articles/how-to-buy-property-in-panama-2026-guide.html,pt,articles,0,0,,Remove,410 Gone,,GSC 119d: 0 clicks / 0 impr,"Machine-translated duplicate. Verified safe to delete: Semrush Top Pages shows 0 referring domains on every deep URL (93 of 103 ref domains point at the root), so there is no page-level link equity to preserve. ES/DE/PT buying demand is negligible (Semrush PA db: 32 kws / 190 total vol) and these pages actively cannibalise their own English originals. All 405 earned 30 clicks in 119 days combined (~0.25/day). Use 410 rather than 404: unambiguous and de-indexed faster. Retain source files in git.",P1
https://panamarealestateguide.com/de/articles/how-to-buy-property-in-panama-2026-guide.html,/de/articles/how-to-buy-property-in-panama-2026-guide.html,de,articles,0,0,,Remove,410 Gone,,GSC 119d: 0 clicks / 0 impr,"Machine-translated duplicate. Verified safe to delete: Semrush Top Pages shows 0 referring domains on every deep URL (93 of 103 ref domains point at the root), so there is no page-level link equity to preserve. ES/DE/PT buying demand is negligible (Semrush PA db: 32 kws / 190 total vol) and these pages actively cannibalise their own English originals. All 405 earned 30 clicks in 119 days combined (~0.25/day). Use 410 rather than 404: unambiguous and de-indexed faster. Retain source files in git.",P1
https://panamarealestateguide.com/articles/panama-investment-opportunities.html,/articles/panama-investment-opportunities.html,en,articles,0,159,50.3,Consolidate,301,https://panamarealestateguide.com/articles/panama-real-estate-investment-lifestyle-2026.html,GSC 119d: 0 clicks / 159 impr / avg pos 50.3,Confirmed cannibalisation — competes with the destination for the same query set. Merge unique passages into the destination and 301.,P1
https://panamarealestateguide.com/es/articles/panama-investment-opportunities.html,/es/articles/panama-investment-opportunities.html,es,articles,0,0,,Remove,410 Gone,,GSC 119d: 0 clicks / 0 impr,"Machine-translated duplicate. Verified safe to delete: Semrush Top Pages shows 0 referring domains on every deep URL (93 of 103 ref domains point at the root), so there is no page-level link equity to preserve. ES/DE/PT buying demand is negligible (Semrush PA db: 32 kws / 190 total vol) and these pages actively cannibalise their own English originals. All 405 earned 30 clicks in 119 days combined (~0.25/day). Use 410 rather than 404: unambiguous and de-indexed faster. Retain source files in git.",P1
https://panamarealestateguide.com/pt/articles/panama-investment-opportunities.html,/pt/articles/panama-investment-opportunities.html,pt,articles,0,0,,Remove,410 Gone,,GSC 119d: 0 clicks / 0 impr,"Machine-translated duplicate. Verified safe to delete: Semrush Top Pages shows 0 referring domains on every deep URL (93 of 103 ref domains point at the root), so there is no page-level link equity to preserve. ES/DE/PT buying demand is negligible (Semrush PA db: 32 kws / 190 total vol) and these pages actively cannibalise their own English originals. All 405 earned 30 clicks in 119 days combined (~0.25/day). Use 410 rather than 404: unambiguous and de-indexed faster. Retain source files in git.",P1
https://panamarealestateguide.com/de/articles/panama-investment-opportunities.html,/de/articles/panama-investment-opportunities.html,de,articles,0,0,,Remove,410 Gone,,GSC 119d: 0 clicks / 0 impr,"Machine-translated duplicate. Verified safe to delete: Semrush Top Pages shows 0 referring domains on every deep URL (93 of 103 ref domains point at the root), so there is no page-level link equity to preserve. ES/DE/PT buying demand is negligible (Semrush PA db: 32 kws / 190 total vol) and these pages actively cannibalise their own English originals. All 405 earned 30 clicks in 119 days combined (~0.25/day). Use 410 rather than 404: unambiguous and de-indexed faster. Retain source files in git.",P1
https://panamarealestateguide.com/articles/panama-property-buying-process-guide.html,/articles/panama-property-buying-process-guide.html,en,articles,3,324,9.3,Improve,rewrite in place,,GSC 119d: 3 clicks / 324 impr / avg pos 9.3,"Ranks 49-96 in Semrush US for keywords with KD 0-31. The gap is content depth and E-E-A-T, not competition. Highest-return work on the site.",P0
https://panamarealestateguide.com/es/articles/panama-property-buying-process-guide.html,/es/articles/panama-property-buying-process-guide.html,es,articles,0,0,,Remove,410 Gone,,GSC 119d: 0 clicks / 0 impr,"Machine-translated duplicate. Verified safe to delete: Semrush Top Pages shows 0 referring domains on every deep URL (93 of 103 ref domains point at the root), so there is no page-level link equity to preserve. ES/DE/PT buying demand is negligible (Semrush PA db: 32 kws / 190 total vol) and these pages actively cannibalise their own English originals. All 405 earned 30 clicks in 119 days combined (~0.25/day). Use 410 rather than 404: unambiguous and de-indexed faster. Retain source files in git.",P1
https://panamarealestateguide.com/pt/articles/panama-property-buying-process-guide.html,/pt/articles/panama-property-buying-process-guide.html,pt,articles,0,0,,Remove,410 Gone,,GSC 119d: 0 clicks / 0 impr,"Machine-translated duplicate. Verified safe to delete: Semrush Top Pages shows 0 referring domains on every deep URL (93 of 103 ref domains point at the root), so there is no page-level link equity to preserve. ES/DE/PT buying demand is negligible (Semrush PA db: 32 kws / 190 total vol) and these pages actively cannibalise their own English originals. All 405 earned 30 clicks in 119 days combined (~0.25/day). Use 410 rather than 404: unambiguous and de-indexed faster. Retain source files in git.",P1
https://panamarealestateguide.com/de/articles/panama-property-buying-process-guide.html,/de/articles/panama-property-buying-process-guide.html,de,articles,0,0,,Remove,410 Gone,,GSC 119d: 0 clicks / 0 impr,"Machine-translated duplicate. Verified safe to delete: Semrush Top Pages shows 0 referring domains on every deep URL (93 of 103 ref domains point at the root), so there is no page-level link equity to preserve. ES/DE/PT buying demand is negligible (Semrush PA db: 32 kws / 190 total vol) and these pages actively cannibalise their own English originals. All 405 earned 30 clicks in 119 days combined (~0.25/day). Use 410 rather than 404: unambiguous and de-indexed faster. Retain source files in git.",P1
https://panamarealestateguide.com/articles/panama-real-estate-beachfront-retirement.html,/articles/panama-real-estate-beachfront-retirement.html,en,articles,0,31,7.3,Consolidate,301,https://panamarealestateguide.com/articles/panama-real-estate-investment-lifestyle-2026.html,GSC 119d: 0 clicks / 31 impr / avg pos 7.3,Confirmed cannibalisation — competes with the destination for the same query set. Merge unique passages into the destination and 301.,P1
https://panamarealestateguide.com/es/articles/panama-real-estate-beachfront-retirement.html,/es/articles/panama-real-estate-beachfront-retirement.html,es,articles,0,0,,Remove,410 Gone,,GSC 119d: 0 clicks / 0 impr,"Machine-translated duplicate. Verified safe to delete: Semrush Top Pages shows 0 referring domains on every deep URL (93 of 103 ref domains point at the root), so there is no page-level link equity to preserve. ES/DE/PT buying demand is negligible (Semrush PA db: 32 kws / 190 total vol) and these pages actively cannibalise their own English originals. All 405 earned 30 clicks in 119 days combined (~0.25/day). Use 410 rather than 404: unambiguous and de-indexed faster. Retain source files in git.",P1
https://panamarealestateguide.com/pt/articles/panama-real-estate-beachfront-retirement.html,/pt/articles/panama-real-estate-beachfront-retirement.html,pt,articles,0,0,,Remove,410 Gone,,GSC 119d: 0 clicks / 0 impr,"Machine-translated duplicate. Verified safe to delete: Semrush Top Pages shows 0 referring domains on every deep URL (93 of 103 ref domains point at the root), so there is no page-level link equity to preserve. ES/DE/PT buying demand is negligible (Semrush PA db: 32 kws / 190 total vol) and these pages actively cannibalise their own English originals. All 405 earned 30 clicks in 119 days combined (~0.25/day). Use 410 rather than 404: unambiguous and de-indexed faster. Retain source files in git.",P1
https://panamarealestateguide.com/de/articles/panama-real-estate-beachfront-retirement.html,/de/articles/panama-real-estate-beachfront-retirement.html,de,articles,0,0,,Remove,410 Gone,,GSC 119d: 0 clicks / 0 impr,"Machine-translated duplicate. Verified safe to delete: Semrush Top Pages shows 0 referring domains on every deep URL (93 of 103 ref domains point at the root), so there is no page-level link equity to preserve. ES/DE/PT buying demand is negligible (Semrush PA db: 32 kws / 190 total vol) and these pages actively cannibalise their own English originals. All 405 earned 30 clicks in 119 days combined (~0.25/day). Use 410 rather than 404: unambiguous and de-indexed faster. Retain source files in git.",P1
https://panamarealestateguide.com/articles/panama-real-estate-investment-lifestyle-2026.html,/articles/panama-real-estate-investment-lifestyle-2026.html,en,articles,0,34,7.6,Improve,rewrite in place,,GSC 119d: 0 clicks / 34 impr / avg pos 7.6,Has measurable impressions but weak position; a rewrite should convert impressions to clicks.,P2
https://panamarealestateguide.com/es/articles/panama-real-estate-investment-lifestyle-2026.html,/es/articles/panama-real-estate-investment-lifestyle-2026.html,es,articles,0,0,,Remove,410 Gone,,GSC 119d: 0 clicks / 0 impr,"Machine-translated duplicate. Verified safe to delete: Semrush Top Pages shows 0 referring domains on every deep URL (93 of 103 ref domains point at the root), so there is no page-level link equity to preserve. ES/DE/PT buying demand is negligible (Semrush PA db: 32 kws / 190 total vol) and these pages actively cannibalise their own English originals. All 405 earned 30 clicks in 119 days combined (~0.25/day). Use 410 rather than 404: unambiguous and de-indexed faster. Retain source files in git.",P1
https://panamarealestateguide.com/pt/articles/panama-real-estate-investment-lifestyle-2026.html,/pt/articles/panama-real-estate-investment-lifestyle-2026.html,pt,articles,0,0,,Remove,410 Gone,,GSC 119d: 0 clicks / 0 impr,"Machine-translated duplicate. Verified safe to delete: Semrush Top Pages shows 0 referring domains on every deep URL (93 of 103 ref domains point at the root), so there is no page-level link equity to preserve. ES/DE/PT buying demand is negligible (Semrush PA db: 32 kws / 190 total vol) and these pages actively cannibalise their own English originals. All 405 earned 30 clicks in 119 days combined (~0.25/day). Use 410 rather than 404: unambiguous and de-indexed faster. Retain source files in git.",P1
https://panamarealestateguide.com/de/articles/panama-real-estate-investment-lifestyle-2026.html,/de/articles/panama-real-estate-investment-lifestyle-2026.html,de,articles,0,0,,Remove,410 Gone,,GSC 119d: 0 clicks / 0 impr,"Machine-translated duplicate. Verified safe to delete: Semrush Top Pages shows 0 referring domains on every deep URL (93 of 103 ref domains point at the root), so there is no page-level link equity to preserve. ES/DE/PT buying demand is negligible (Semrush PA db: 32 kws / 190 total vol) and these pages actively cannibalise their own English originals. All 405 earned 30 clicks in 119 days combined (~0.25/day). Use 410 rather than 404: unambiguous and de-indexed faster. Retain source files in git.",P1
https://panamarealestateguide.com/articles/panama-real-estate-investments.html,/articles/panama-real-estate-investments.html,en,articles,0,43,9.1,Consolidate,301,https://panamarealestateguide.com/articles/panama-real-estate-investment-lifestyle-2026.html,GSC 119d: 0 clicks / 43 impr / avg pos 9.1,Confirmed cannibalisation — competes with the destination for the same query set. Merge unique passages into the destination and 301.,P1
https://panamarealestateguide.com/es/articles/panama-real-estate-investments.html,/es/articles/panama-real-estate-investments.html,es,articles,0,0,,Remove,410 Gone,,GSC 119d: 0 clicks / 0 impr,"Machine-translated duplicate. Verified safe to delete: Semrush Top Pages shows 0 referring domains on every deep URL (93 of 103 ref domains point at the root), so there is no page-level link equity to preserve. ES/DE/PT buying demand is negligible (Semrush PA db: 32 kws / 190 total vol) and these pages actively cannibalise their own English originals. All 405 earned 30 clicks in 119 days combined (~0.25/day). Use 410 rather than 404: unambiguous and de-indexed faster. Retain source files in git.",P1
https://panamarealestateguide.com/pt/articles/panama-real-estate-investments.html,/pt/articles/panama-real-estate-investments.html,pt,articles,0,0,,Remove,410 Gone,,GSC 119d: 0 clicks / 0 impr,"Machine-translated duplicate. Verified safe to delete: Semrush Top Pages shows 0 referring domains on every deep URL (93 of 103 ref domains point at the root), so there is no page-level link equity to preserve. ES/DE/PT buying demand is negligible (Semrush PA db: 32 kws / 190 total vol) and these pages actively cannibalise their own English originals. All 405 earned 30 clicks in 119 days combined (~0.25/day). Use 410 rather than 404: unambiguous and de-indexed faster. Retain source files in git.",P1
https://panamarealestateguide.com/de/articles/panama-real-estate-investments.html,/de/articles/panama-real-estate-investments.html,de,articles,0,0,,Remove,410 Gone,,GSC 119d: 0 clicks / 0 impr,"Machine-translated duplicate. Verified safe to delete: Semrush Top Pages shows 0 referring domains on every deep URL (93 of 103 ref domains point at the root), so there is no page-level link equity to preserve. ES/DE/PT buying demand is negligible (Semrush PA db: 32 kws / 190 total vol) and these pages actively cannibalise their own English originals. All 405 earned 30 clicks in 119 days combined (~0.25/day). Use 410 rather than 404: unambiguous and de-indexed faster. Retain source files in git.",P1
https://panamarealestateguide.com/articles/panama-real-estate-market-2026.html,/articles/panama-real-estate-market-2026.html,en,articles,0,691,10.7,Improve,rewrite in place,,GSC 119d: 0 clicks / 691 impr / avg pos 10.7,"Ranks 49-96 in Semrush US for keywords with KD 0-31. The gap is content depth and E-E-A-T, not competition. Highest-return work on the site.",P0
https://panamarealestateguide.com/es/articles/panama-real-estate-market-2026.html,/es/articles/panama-real-estate-market-2026.html,es,articles,0,0,,Remove,410 Gone,,GSC 119d: 0 clicks / 0 impr,"Machine-translated duplicate. Verified safe to delete: Semrush Top Pages shows 0 referring domains on every deep URL (93 of 103 ref domains point at the root), so there is no page-level link equity to preserve. ES/DE/PT buying demand is negligible (Semrush PA db: 32 kws / 190 total vol) and these pages actively cannibalise their own English originals. All 405 earned 30 clicks in 119 days combined (~0.25/day). Use 410 rather than 404: unambiguous and de-indexed faster. Retain source files in git.",P1
https://panamarealestateguide.com/pt/articles/panama-real-estate-market-2026.html,/pt/articles/panama-real-estate-market-2026.html,pt,articles,0,0,,Remove,410 Gone,,GSC 119d: 0 clicks / 0 impr,"Machine-translated duplicate. Verified safe to delete: Semrush Top Pages shows 0 referring domains on every deep URL (93 of 103 ref domains point at the root), so there is no page-level link equity to preserve. ES/DE/PT buying demand is negligible (Semrush PA db: 32 kws / 190 total vol) and these pages actively cannibalise their own English originals. All 405 earned 30 clicks in 119 days combined (~0.25/day). Use 410 rather than 404: unambiguous and de-indexed faster. Retain source files in git.",P1
https://panamarealestateguide.com/de/articles/panama-real-estate-market-2026.html,/de/articles/panama-real-estate-market-2026.html,de,articles,0,0,,Remove,410 Gone,,GSC 119d: 0 clicks / 0 impr,"Machine-translated duplicate. Verified safe to delete: Semrush Top Pages shows 0 referring domains on every deep URL (93 of 103 ref domains point at the root), so there is no page-level link equity to preserve. ES/DE/PT buying demand is negligible (Semrush PA db: 32 kws / 190 total vol) and these pages actively cannibalise their own English originals. All 405 earned 30 clicks in 119 days combined (~0.25/day). Use 410 rather than 404: unambiguous and de-indexed faster. Retain source files in git.",P1
https://panamarealestateguide.com/articles/panama-retirement-communities.html,/articles/panama-retirement-communities.html,en,articles,4,1583,54.2,Improve,rewrite in place,,GSC 119d: 4 clicks / 1583 impr / avg pos 54.2,"Ranks 49-96 in Semrush US for keywords with KD 0-31. The gap is content depth and E-E-A-T, not competition. Highest-return work on the site.",P0
https://panamarealestateguide.com/es/articles/panama-retirement-communities.html,/es/articles/panama-retirement-communities.html,es,articles,0,0,,Remove,410 Gone,,GSC 119d: 0 clicks / 0 impr,"Machine-translated duplicate. Verified safe to delete: Semrush Top Pages shows 0 referring domains on every deep URL (93 of 103 ref domains point at the root), so there is no page-level link equity to preserve. ES/DE/PT buying demand is negligible (Semrush PA db: 32 kws / 190 total vol) and these pages actively cannibalise their own English originals. All 405 earned 30 clicks in 119 days combined (~0.25/day). Use 410 rather than 404: unambiguous and de-indexed faster. Retain source files in git.",P1
https://panamarealestateguide.com/pt/articles/panama-retirement-communities.html,/pt/articles/panama-retirement-communities.html,pt,articles,0,0,,Remove,410 Gone,,GSC 119d: 0 clicks / 0 impr,"Machine-translated duplicate. Verified safe to delete: Semrush Top Pages shows 0 referring domains on every deep URL (93 of 103 ref domains point at the root), so there is no page-level link equity to preserve. ES/DE/PT buying demand is negligible (Semrush PA db: 32 kws / 190 total vol) and these pages actively cannibalise their own English originals. All 405 earned 30 clicks in 119 days combined (~0.25/day). Use 410 rather than 404: unambiguous and de-indexed faster. Retain source files in git.",P1
https://panamarealestateguide.com/de/articles/panama-retirement-communities.html,/de/articles/panama-retirement-communities.html,de,articles,0,0,,Remove,410 Gone,,GSC 119d: 0 clicks / 0 impr,"Machine-translated duplicate. Verified safe to delete: Semrush Top Pages shows 0 referring domains on every deep URL (93 of 103 ref domains point at the root), so there is no page-level link equity to preserve. ES/DE/PT buying demand is negligible (Semrush PA db: 32 kws / 190 total vol) and these pages actively cannibalise their own English originals. All 405 earned 30 clicks in 119 days combined (~0.25/day). Use 410 rather than 404: unambiguous and de-indexed faster. Retain source files in git.",P1
https://panamarealestateguide.com/articles/apartments-for-rent-panama-city.html,/articles/apartments-for-rent-panama-city.html,en,articles,1,239,12.8,Improve,rewrite in place,,GSC 119d: 1 clicks / 239 impr / avg pos 12.8,"Ranks 49-96 in Semrush US for keywords with KD 0-31. The gap is content depth and E-E-A-T, not competition. Highest-return work on the site.",P0
https://panamarealestateguide.com/es/articles/apartments-for-rent-panama-city.html,/es/articles/apartments-for-rent-panama-city.html,es,articles,0,0,,Remove,410 Gone,,GSC 119d: 0 clicks / 0 impr,"Machine-translated duplicate. Verified safe to delete: Semrush Top Pages shows 0 referring domains on every deep URL (93 of 103 ref domains point at the root), so there is no page-level link equity to preserve. ES/DE/PT buying demand is negligible (Semrush PA db: 32 kws / 190 total vol) and these pages actively cannibalise their own English originals. All 405 earned 30 clicks in 119 days combined (~0.25/day). Use 410 rather than 404: unambiguous and de-indexed faster. Retain source files in git.",P1
https://panamarealestateguide.com/pt/articles/apartments-for-rent-panama-city.html,/pt/articles/apartments-for-rent-panama-city.html,pt,articles,0,0,,Remove,410 Gone,,GSC 119d: 0 clicks / 0 impr,"Machine-translated duplicate. Verified safe to delete: Semrush Top Pages shows 0 referring domains on every deep URL (93 of 103 ref domains point at the root), so there is no page-level link equity to preserve. ES/DE/PT buying demand is negligible (Semrush PA db: 32 kws / 190 total vol) and these pages actively cannibalise their own English originals. All 405 earned 30 clicks in 119 days combined (~0.25/day). Use 410 rather than 404: unambiguous and de-indexed faster. Retain source files in git.",P1
https://panamarealestateguide.com/de/articles/apartments-for-rent-panama-city.html,/de/articles/apartments-for-rent-panama-city.html,de,articles,0,0,,Remove,410 Gone,,GSC 119d: 0 clicks / 0 impr,"Machine-translated duplicate. Verified safe to delete: Semrush Top Pages shows 0 referring domains on every deep URL (93 of 103 ref domains point at the root), so there is no page-level link equity to preserve. ES/DE/PT buying demand is negligible (Semrush PA db: 32 kws / 190 total vol) and these pages actively cannibalise their own English originals. All 405 earned 30 clicks in 119 days combined (~0.25/day). Use 410 rather than 404: unambiguous and de-indexed faster. Retain source files in git.",P1
https://panamarealestateguide.com/articles/how-to-rent-apartment-panama.html,/articles/how-to-rent-apartment-panama.html,en,articles,0,64,8.5,Improve,rewrite in place,,GSC 119d: 0 clicks / 64 impr / avg pos 8.5,Has measurable impressions but weak position; a rewrite should convert impressions to clicks.,P2
https://panamarealestateguide.com/es/articles/how-to-rent-apartment-panama.html,/es/articles/how-to-rent-apartment-panama.html,es,articles,0,0,,Remove,410 Gone,,GSC 119d: 0 clicks / 0 impr,"Machine-translated duplicate. Verified safe to delete: Semrush Top Pages shows 0 referring domains on every deep URL (93 of 103 ref domains point at the root), so there is no page-level link equity to preserve. ES/DE/PT buying demand is negligible (Semrush PA db: 32 kws / 190 total vol) and these pages actively cannibalise their own English originals. All 405 earned 30 clicks in 119 days combined (~0.25/day). Use 410 rather than 404: unambiguous and de-indexed faster. Retain source files in git.",P1
https://panamarealestateguide.com/pt/articles/how-to-rent-apartment-panama.html,/pt/articles/how-to-rent-apartment-panama.html,pt,articles,0,0,,Remove,410 Gone,,GSC 119d: 0 clicks / 0 impr,"Machine-translated duplicate. Verified safe to delete: Semrush Top Pages shows 0 referring domains on every deep URL (93 of 103 ref domains point at the root), so there is no page-level link equity to preserve. ES/DE/PT buying demand is negligible (Semrush PA db: 32 kws / 190 total vol) and these pages actively cannibalise their own English originals. All 405 earned 30 clicks in 119 days combined (~0.25/day). Use 410 rather than 404: unambiguous and de-indexed faster. Retain source files in git.",P1
https://panamarealestateguide.com/de/articles/how-to-rent-apartment-panama.html,/de/articles/how-to-rent-apartment-panama.html,de,articles,0,0,,Remove,410 Gone,,GSC 119d: 0 clicks / 0 impr,"Machine-translated duplicate. Verified safe to delete: Semrush Top Pages shows 0 referring domains on every deep URL (93 of 103 ref domains point at the root), so there is no page-level link equity to preserve. ES/DE/PT buying demand is negligible (Semrush PA db: 32 kws / 190 total vol) and these pages actively cannibalise their own English originals. All 405 earned 30 clicks in 119 days combined (~0.25/day). Use 410 rather than 404: unambiguous and de-indexed faster. Retain source files in git.",P1
https://panamarealestateguide.com/articles/apostille-documents-panama-visa.html,/articles/apostille-documents-panama-visa.html,en,articles,2,396,7.5,Improve,rewrite in place,,GSC 119d: 2 clicks / 396 impr / avg pos 7.5,Has measurable impressions but weak position; a rewrite should convert impressions to clicks.,P2
https://panamarealestateguide.com/es/articles/apostille-documents-panama-visa.html,/es/articles/apostille-documents-panama-visa.html,es,articles,0,0,,Remove,410 Gone,,GSC 119d: 0 clicks / 0 impr,"Machine-translated duplicate. Verified safe to delete: Semrush Top Pages shows 0 referring domains on every deep URL (93 of 103 ref domains point at the root), so there is no page-level link equity to preserve. ES/DE/PT buying demand is negligible (Semrush PA db: 32 kws / 190 total vol) and these pages actively cannibalise their own English originals. All 405 earned 30 clicks in 119 days combined (~0.25/day). Use 410 rather than 404: unambiguous and de-indexed faster. Retain source files in git.",P1
https://panamarealestateguide.com/pt/articles/apostille-documents-panama-visa.html,/pt/articles/apostille-documents-panama-visa.html,pt,articles,0,0,,Remove,410 Gone,,GSC 119d: 0 clicks / 0 impr,"Machine-translated duplicate. Verified safe to delete: Semrush Top Pages shows 0 referring domains on every deep URL (93 of 103 ref domains point at the root), so there is no page-level link equity to preserve. ES/DE/PT buying demand is negligible (Semrush PA db: 32 kws / 190 total vol) and these pages actively cannibalise their own English originals. All 405 earned 30 clicks in 119 days combined (~0.25/day). Use 410 rather than 404: unambiguous and de-indexed faster. Retain source files in git.",P1
https://panamarealestateguide.com/de/articles/apostille-documents-panama-visa.html,/de/articles/apostille-documents-panama-visa.html,de,articles,0,0,,Remove,410 Gone,,GSC 119d: 0 clicks / 0 impr,"Machine-translated duplicate. Verified safe to delete: Semrush Top Pages shows 0 referring domains on every deep URL (93 of 103 ref domains point at the root), so there is no page-level link equity to preserve. ES/DE/PT buying demand is negligible (Semrush PA db: 32 kws / 190 total vol) and these pages actively cannibalise their own English originals. All 405 earned 30 clicks in 119 days combined (~0.25/day). Use 410 rather than 404: unambiguous and de-indexed faster. Retain source files in git.",P1
https://panamarealestateguide.com/articles/panama-golden-visa-2026.html,/articles/panama-golden-visa-2026.html,en,articles,0,12,7.2,Improve,rewrite in place,,GSC 119d: 0 clicks / 12 impr / avg pos 7.2,"Ranks 49-96 in Semrush US for keywords with KD 0-31. The gap is content depth and E-E-A-T, not competition. Highest-return work on the site.",P0
https://panamarealestateguide.com/es/articles/panama-golden-visa-2026.html,/es/articles/panama-golden-visa-2026.html,es,articles,0,0,,Remove,410 Gone,,GSC 119d: 0 clicks / 0 impr,"Machine-translated duplicate. Verified safe to delete: Semrush Top Pages shows 0 referring domains on every deep URL (93 of 103 ref domains point at the root), so there is no page-level link equity to preserve. ES/DE/PT buying demand is negligible (Semrush PA db: 32 kws / 190 total vol) and these pages actively cannibalise their own English originals. All 405 earned 30 clicks in 119 days combined (~0.25/day). Use 410 rather than 404: unambiguous and de-indexed faster. Retain source files in git.",P1
https://panamarealestateguide.com/pt/articles/panama-golden-visa-2026.html,/pt/articles/panama-golden-visa-2026.html,pt,articles,0,0,,Remove,410 Gone,,GSC 119d: 0 clicks / 0 impr,"Machine-translated duplicate. Verified safe to delete: Semrush Top Pages shows 0 referring domains on every deep URL (93 of 103 ref domains point at the root), so there is no page-level link equity to preserve. ES/DE/PT buying demand is negligible (Semrush PA db: 32 kws / 190 total vol) and these pages actively cannibalise their own English originals. All 405 earned 30 clicks in 119 days combined (~0.25/day). Use 410 rather than 404: unambiguous and de-indexed faster. Retain source files in git.",P1
https://panamarealestateguide.com/de/articles/panama-golden-visa-2026.html,/de/articles/panama-golden-visa-2026.html,de,articles,0,0,,Remove,410 Gone,,GSC 119d: 0 clicks / 0 impr,"Machine-translated duplicate. Verified safe to delete: Semrush Top Pages shows 0 referring domains on every deep URL (93 of 103 ref domains point at the root), so there is no page-level link equity to preserve. ES/DE/PT buying demand is negligible (Semrush PA db: 32 kws / 190 total vol) and these pages actively cannibalise their own English originals. All 405 earned 30 clicks in 119 days combined (~0.25/day). Use 410 rather than 404: unambiguous and de-indexed faster. Retain source files in git.",P1
https://panamarealestateguide.com/articles/panama-tax-benefits-foreigners-2026.html,/articles/panama-tax-benefits-foreigners-2026.html,en,articles,0,20,12.9,Improve,rewrite in place,,GSC 119d: 0 clicks / 20 impr / avg pos 12.9,"Ranks 49-96 in Semrush US for keywords with KD 0-31. The gap is content depth and E-E-A-T, not competition. Highest-return work on the site.",P0
https://panamarealestateguide.com/es/articles/panama-tax-benefits-foreigners-2026.html,/es/articles/panama-tax-benefits-foreigners-2026.html,es,articles,0,0,,Remove,410 Gone,,GSC 119d: 0 clicks / 0 impr,"Machine-translated duplicate. Verified safe to delete: Semrush Top Pages shows 0 referring domains on every deep URL (93 of 103 ref domains point at the root), so there is no page-level link equity to preserve. ES/DE/PT buying demand is negligible (Semrush PA db: 32 kws / 190 total vol) and these pages actively cannibalise their own English originals. All 405 earned 30 clicks in 119 days combined (~0.25/day). Use 410 rather than 404: unambiguous and de-indexed faster. Retain source files in git.",P1
https://panamarealestateguide.com/pt/articles/panama-tax-benefits-foreigners-2026.html,/pt/articles/panama-tax-benefits-foreigners-2026.html,pt,articles,0,0,,Remove,410 Gone,,GSC 119d: 0 clicks / 0 impr,"Machine-translated duplicate. Verified safe to delete: Semrush Top Pages shows 0 referring domains on every deep URL (93 of 103 ref domains point at the root), so there is no page-level link equity to preserve. ES/DE/PT buying demand is negligible (Semrush PA db: 32 kws / 190 total vol) and these pages actively cannibalise their own English originals. All 405 earned 30 clicks in 119 days combined (~0.25/day). Use 410 rather than 404: unambiguous and de-indexed faster. Retain source files in git.",P1
https://panamarealestateguide.com/de/articles/panama-tax-benefits-foreigners-2026.html,/de/articles/panama-tax-benefits-foreigners-2026.html,de,articles,0,0,,Remove,410 Gone,,GSC 119d: 0 clicks / 0 impr,"Machine-translated duplicate. Verified safe to delete: Semrush Top Pages shows 0 referring domains on every deep URL (93 of 103 ref domains point at the root), so there is no page-level link equity to preserve. ES/DE/PT buying demand is negligible (Semrush PA db: 32 kws / 190 total vol) and these pages actively cannibalise their own English originals. All 405 earned 30 clicks in 119 days combined (~0.25/day). Use 410 rather than 404: unambiguous and de-indexed faster. Retain source files in git.",P1
https://panamarealestateguide.com/articles/panama-visa-rejected-what-to-do.html,/articles/panama-visa-rejected-what-to-do.html,en,articles,0,16,10.2,Keep,no change,,GSC 119d: 0 clicks / 16 impr / avg pos 10.2,Low signal but topically relevant and contributes internal-link/topical-authority value. Do not delete on zero traffic alone.,P3
https://panamarealestateguide.com/es/articles/panama-visa-rejected-what-to-do.html,/es/articles/panama-visa-rejected-what-to-do.html,es,articles,1,6,6.2,Remove,410 Gone,,GSC 119d: 1 clicks / 6 impr / avg pos 6.2,"Machine-translated duplicate. Verified safe to delete: Semrush Top Pages shows 0 referring domains on every deep URL (93 of 103 ref domains point at the root), so there is no page-level link equity to preserve. ES/DE/PT buying demand is negligible (Semrush PA db: 32 kws / 190 total vol) and these pages actively cannibalise their own English originals. All 405 earned 30 clicks in 119 days combined (~0.25/day). Use 410 rather than 404: unambiguous and de-indexed faster. Retain source files in git.",P1
https://panamarealestateguide.com/pt/articles/panama-visa-rejected-what-to-do.html,/pt/articles/panama-visa-rejected-what-to-do.html,pt,articles,0,0,,Remove,410 Gone,,GSC 119d: 0 clicks / 0 impr,"Machine-translated duplicate. Verified safe to delete: Semrush Top Pages shows 0 referring domains on every deep URL (93 of 103 ref domains point at the root), so there is no page-level link equity to preserve. ES/DE/PT buying demand is negligible (Semrush PA db: 32 kws / 190 total vol) and these pages actively cannibalise their own English originals. All 405 earned 30 clicks in 119 days combined (~0.25/day). Use 410 rather than 404: unambiguous and de-indexed faster. Retain source files in git.",P1
https://panamarealestateguide.com/de/articles/panama-visa-rejected-what-to-do.html,/de/articles/panama-visa-rejected-what-to-do.html,de,articles,0,0,,Remove,410 Gone,,GSC 119d: 0 clicks / 0 impr,"Machine-translated duplicate. Verified safe to delete: Semrush Top Pages shows 0 referring domains on every deep URL (93 of 103 ref domains point at the root), so there is no page-level link equity to preserve. ES/DE/PT buying demand is negligible (Semrush PA db: 32 kws / 190 total vol) and these pages actively cannibalise their own English originals. All 405 earned 30 clicks in 119 days combined (~0.25/day). Use 410 rather than 404: unambiguous and de-indexed faster. Retain source files in git.",P1
https://panamarealestateguide.com/articles/start-business-panama-foreigners.html,/articles/start-business-panama-foreigners.html,en,articles,0,240,7.1,Improve,rewrite in place,,GSC 119d: 0 clicks / 240 impr / avg pos 7.1,Has measurable impressions but weak position; a rewrite should convert impressions to clicks.,P2
https://panamarealestateguide.com/es/articles/start-business-panama-foreigners.html,/es/articles/start-business-panama-foreigners.html,es,articles,0,0,,Remove,410 Gone,,GSC 119d: 0 clicks / 0 impr,"Machine-translated duplicate. Verified safe to delete: Semrush Top Pages shows 0 referring domains on every deep URL (93 of 103 ref domains point at the root), so there is no page-level link equity to preserve. ES/DE/PT buying demand is negligible (Semrush PA db: 32 kws / 190 total vol) and these pages actively cannibalise their own English originals. All 405 earned 30 clicks in 119 days combined (~0.25/day). Use 410 rather than 404: unambiguous and de-indexed faster. Retain source files in git.",P1
https://panamarealestateguide.com/pt/articles/start-business-panama-foreigners.html,/pt/articles/start-business-panama-foreigners.html,pt,articles,0,0,,Remove,410 Gone,,GSC 119d: 0 clicks / 0 impr,"Machine-translated duplicate. Verified safe to delete: Semrush Top Pages shows 0 referring domains on every deep URL (93 of 103 ref domains point at the root), so there is no page-level link equity to preserve. ES/DE/PT buying demand is negligible (Semrush PA db: 32 kws / 190 total vol) and these pages actively cannibalise their own English originals. All 405 earned 30 clicks in 119 days combined (~0.25/day). Use 410 rather than 404: unambiguous and de-indexed faster. Retain source files in git.",P1
https://panamarealestateguide.com/de/articles/start-business-panama-foreigners.html,/de/articles/start-business-panama-foreigners.html,de,articles,1,4,14.0,Remove,410 Gone,,GSC 119d: 1 clicks / 4 impr / avg pos 14.0,"Machine-translated duplicate. Verified safe to delete: Semrush Top Pages shows 0 referring domains on every deep URL (93 of 103 ref domains point at the root), so there is no page-level link equity to preserve. ES/DE/PT buying demand is negligible (Semrush PA db: 32 kws / 190 total vol) and these pages actively cannibalise their own English originals. All 405 earned 30 clicks in 119 days combined (~0.25/day). Use 410 rather than 404: unambiguous and de-indexed faster. Retain source files in git.",P1
https://panamarealestateguide.com/articles/atm-cash-panama-guide.html,/articles/atm-cash-panama-guide.html,en,articles,8,762,7.7,Improve,rewrite in place,,GSC 119d: 8 clicks / 762 impr / avg pos 7.7,Has measurable impressions but weak position; a rewrite should convert impressions to clicks.,P2
https://panamarealestateguide.com/es/articles/atm-cash-panama-guide.html,/es/articles/atm-cash-panama-guide.html,es,articles,2,59,7.1,Remove,410 Gone,,GSC 119d: 2 clicks / 59 impr / avg pos 7.1,"Machine-translated duplicate. Verified safe to delete: Semrush Top Pages shows 0 referring domains on every deep URL (93 of 103 ref domains point at the root), so there is no page-level link equity to preserve. ES/DE/PT buying demand is negligible (Semrush PA db: 32 kws / 190 total vol) and these pages actively cannibalise their own English originals. All 405 earned 30 clicks in 119 days combined (~0.25/day). Use 410 rather than 404: unambiguous and de-indexed faster. Retain source files in git.",P1
https://panamarealestateguide.com/pt/articles/atm-cash-panama-guide.html,/pt/articles/atm-cash-panama-guide.html,pt,articles,0,0,,Remove,410 Gone,,GSC 119d: 0 clicks / 0 impr,"Machine-translated duplicate. Verified safe to delete: Semrush Top Pages shows 0 referring domains on every deep URL (93 of 103 ref domains point at the root), so there is no page-level link equity to preserve. ES/DE/PT buying demand is negligible (Semrush PA db: 32 kws / 190 total vol) and these pages actively cannibalise their own English originals. All 405 earned 30 clicks in 119 days combined (~0.25/day). Use 410 rather than 404: unambiguous and de-indexed faster. Retain source files in git.",P1
https://panamarealestateguide.com/de/articles/atm-cash-panama-guide.html,/de/articles/atm-cash-panama-guide.html,de,articles,1,39,7.6,Remove,410 Gone,,GSC 119d: 1 clicks / 39 impr / avg pos 7.6,"Machine-translated duplicate. Verified safe to delete: Semrush Top Pages shows 0 referring domains on every deep URL (93 of 103 ref domains point at the root), so there is no page-level link equity to preserve. ES/DE/PT buying demand is negligible (Semrush PA db: 32 kws / 190 total vol) and these pages actively cannibalise their own English originals. All 405 earned 30 clicks in 119 days combined (~0.25/day). Use 410 rather than 404: unambiguous and de-indexed faster. Retain source files in git.",P1
https://panamarealestateguide.com/articles/cost-of-living-panama-vs-us.html,/articles/cost-of-living-panama-vs-us.html,en,articles,0,26,28.8,Consolidate,301,https://panamarealestateguide.com/articles/panama-cost-of-living-2026.html,GSC 119d: 0 clicks / 26 impr / avg pos 28.8,Confirmed cannibalisation — competes with the destination for the same query set. Merge unique passages into the destination and 301.,P1
https://panamarealestateguide.com/es/articles/cost-of-living-panama-vs-us.html,/es/articles/cost-of-living-panama-vs-us.html,es,articles,0,0,,Remove,410 Gone,,GSC 119d: 0 clicks / 0 impr,"Machine-translated duplicate. Verified safe to delete: Semrush Top Pages shows 0 referring domains on every deep URL (93 of 103 ref domains point at the root), so there is no page-level link equity to preserve. ES/DE/PT buying demand is negligible (Semrush PA db: 32 kws / 190 total vol) and these pages actively cannibalise their own English originals. All 405 earned 30 clicks in 119 days combined (~0.25/day). Use 410 rather than 404: unambiguous and de-indexed faster. Retain source files in git.",P1
https://panamarealestateguide.com/pt/articles/cost-of-living-panama-vs-us.html,/pt/articles/cost-of-living-panama-vs-us.html,pt,articles,0,0,,Remove,410 Gone,,GSC 119d: 0 clicks / 0 impr,"Machine-translated duplicate. Verified safe to delete: Semrush Top Pages shows 0 referring domains on every deep URL (93 of 103 ref domains point at the root), so there is no page-level link equity to preserve. ES/DE/PT buying demand is negligible (Semrush PA db: 32 kws / 190 total vol) and these pages actively cannibalise their own English originals. All 405 earned 30 clicks in 119 days combined (~0.25/day). Use 410 rather than 404: unambiguous and de-indexed faster. Retain source files in git.",P1
https://panamarealestateguide.com/de/articles/cost-of-living-panama-vs-us.html,/de/articles/cost-of-living-panama-vs-us.html,de,articles,0,0,,Remove,410 Gone,,GSC 119d: 0 clicks / 0 impr,"Machine-translated duplicate. Verified safe to delete: Semrush Top Pages shows 0 referring domains on every deep URL (93 of 103 ref domains point at the root), so there is no page-level link equity to preserve. ES/DE/PT buying demand is negligible (Semrush PA db: 32 kws / 190 total vol) and these pages actively cannibalise their own English originals. All 405 earned 30 clicks in 119 days combined (~0.25/day). Use 410 rather than 404: unambiguous and de-indexed faster. Retain source files in git.",P1
https://panamarealestateguide.com/articles/panama-banking-non-residents-guide.html,/articles/panama-banking-non-residents-guide.html,en,articles,3,436,20.1,Improve,rewrite in place,,GSC 119d: 3 clicks / 436 impr / avg pos 20.1,"Ranks 49-96 in Semrush US for keywords with KD 0-31. The gap is content depth and E-E-A-T, not competition. Highest-return work on the site.",P0
https://panamarealestateguide.com/es/articles/panama-banking-non-residents-guide.html,/es/articles/panama-banking-non-residents-guide.html,es,articles,0,0,,Remove,410 Gone,,GSC 119d: 0 clicks / 0 impr,"Machine-translated duplicate. Verified safe to delete: Semrush Top Pages shows 0 referring domains on every deep URL (93 of 103 ref domains point at the root), so there is no page-level link equity to preserve. ES/DE/PT buying demand is negligible (Semrush PA db: 32 kws / 190 total vol) and these pages actively cannibalise their own English originals. All 405 earned 30 clicks in 119 days combined (~0.25/day). Use 410 rather than 404: unambiguous and de-indexed faster. Retain source files in git.",P1
https://panamarealestateguide.com/pt/articles/panama-banking-non-residents-guide.html,/pt/articles/panama-banking-non-residents-guide.html,pt,articles,1,7,8.7,Remove,410 Gone,,GSC 119d: 1 clicks / 7 impr / avg pos 8.7,"Machine-translated duplicate. Verified safe to delete: Semrush Top Pages shows 0 referring domains on every deep URL (93 of 103 ref domains point at the root), so there is no page-level link equity to preserve. ES/DE/PT buying demand is negligible (Semrush PA db: 32 kws / 190 total vol) and these pages actively cannibalise their own English originals. All 405 earned 30 clicks in 119 days combined (~0.25/day). Use 410 rather than 404: unambiguous and de-indexed faster. Retain source files in git.",P1
https://panamarealestateguide.com/de/articles/panama-banking-non-residents-guide.html,/de/articles/panama-banking-non-residents-guide.html,de,articles,0,0,,Remove,410 Gone,,GSC 119d: 0 clicks / 0 impr,"Machine-translated duplicate. Verified safe to delete: Semrush Top Pages shows 0 referring domains on every deep URL (93 of 103 ref domains point at the root), so there is no page-level link equity to preserve. ES/DE/PT buying demand is negligible (Semrush PA db: 32 kws / 190 total vol) and these pages actively cannibalise their own English originals. All 405 earned 30 clicks in 119 days combined (~0.25/day). Use 410 rather than 404: unambiguous and de-indexed faster. Retain source files in git.",P1
https://panamarealestateguide.com/articles/panama-cost-of-living-2026.html,/articles/panama-cost-of-living-2026.html,en,articles,0,212,7.9,Improve,rewrite in place,,GSC 119d: 0 clicks / 212 impr / avg pos 7.9,"Ranks 49-96 in Semrush US for keywords with KD 0-31. The gap is content depth and E-E-A-T, not competition. Highest-return work on the site.",P0
https://panamarealestateguide.com/es/articles/panama-cost-of-living-2026.html,/es/articles/panama-cost-of-living-2026.html,es,articles,0,0,,Remove,410 Gone,,GSC 119d: 0 clicks / 0 impr,"Machine-translated duplicate. Verified safe to delete: Semrush Top Pages shows 0 referring domains on every deep URL (93 of 103 ref domains point at the root), so there is no page-level link equity to preserve. ES/DE/PT buying demand is negligible (Semrush PA db: 32 kws / 190 total vol) and these pages actively cannibalise their own English originals. All 405 earned 30 clicks in 119 days combined (~0.25/day). Use 410 rather than 404: unambiguous and de-indexed faster. Retain source files in git.",P1
https://panamarealestateguide.com/pt/articles/panama-cost-of-living-2026.html,/pt/articles/panama-cost-of-living-2026.html,pt,articles,0,0,,Remove,410 Gone,,GSC 119d: 0 clicks / 0 impr,"Machine-translated duplicate. Verified safe to delete: Semrush Top Pages shows 0 referring domains on every deep URL (93 of 103 ref domains point at the root), so there is no page-level link equity to preserve. ES/DE/PT buying demand is negligible (Semrush PA db: 32 kws / 190 total vol) and these pages actively cannibalise their own English originals. All 405 earned 30 clicks in 119 days combined (~0.25/day). Use 410 rather than 404: unambiguous and de-indexed faster. Retain source files in git.",P1
https://panamarealestateguide.com/de/articles/panama-cost-of-living-2026.html,/de/articles/panama-cost-of-living-2026.html,de,articles,0,0,,Remove,410 Gone,,GSC 119d: 0 clicks / 0 impr,"Machine-translated duplicate. Verified safe to delete: Semrush Top Pages shows 0 referring domains on every deep URL (93 of 103 ref domains point at the root), so there is no page-level link equity to preserve. ES/DE/PT buying demand is negligible (Semrush PA db: 32 kws / 190 total vol) and these pages actively cannibalise their own English originals. All 405 earned 30 clicks in 119 days combined (~0.25/day). Use 410 rather than 404: unambiguous and de-indexed faster. Retain source files in git.",P1
https://panamarealestateguide.com/articles/real-cost-of-moving-to-panama.html,/articles/real-cost-of-moving-to-panama.html,en,articles,0,154,7.3,Improve,rewrite in place,,GSC 119d: 0 clicks / 154 impr / avg pos 7.3,Has measurable impressions but weak position; a rewrite should convert impressions to clicks.,P2
https://panamarealestateguide.com/es/articles/real-cost-of-moving-to-panama.html,/es/articles/real-cost-of-moving-to-panama.html,es,articles,0,0,,Remove,410 Gone,,GSC 119d: 0 clicks / 0 impr,"Machine-translated duplicate. Verified safe to delete: Semrush Top Pages shows 0 referring domains on every deep URL (93 of 103 ref domains point at the root), so there is no page-level link equity to preserve. ES/DE/PT buying demand is negligible (Semrush PA db: 32 kws / 190 total vol) and these pages actively cannibalise their own English originals. All 405 earned 30 clicks in 119 days combined (~0.25/day). Use 410 rather than 404: unambiguous and de-indexed faster. Retain source files in git.",P1
https://panamarealestateguide.com/pt/articles/real-cost-of-moving-to-panama.html,/pt/articles/real-cost-of-moving-to-panama.html,pt,articles,0,0,,Remove,410 Gone,,GSC 119d: 0 clicks / 0 impr,"Machine-translated duplicate. Verified safe to delete: Semrush Top Pages shows 0 referring domains on every deep URL (93 of 103 ref domains point at the root), so there is no page-level link equity to preserve. ES/DE/PT buying demand is negligible (Semrush PA db: 32 kws / 190 total vol) and these pages actively cannibalise their own English originals. All 405 earned 30 clicks in 119 days combined (~0.25/day). Use 410 rather than 404: unambiguous and de-indexed faster. Retain source files in git.",P1
https://panamarealestateguide.com/de/articles/real-cost-of-moving-to-panama.html,/de/articles/real-cost-of-moving-to-panama.html,de,articles,0,0,,Remove,410 Gone,,GSC 119d: 0 clicks / 0 impr,"Machine-translated duplicate. Verified safe to delete: Semrush Top Pages shows 0 referring domains on every deep URL (93 of 103 ref domains point at the root), so there is no page-level link equity to preserve. ES/DE/PT buying demand is negligible (Semrush PA db: 32 kws / 190 total vol) and these pages actively cannibalise their own English originals. All 405 earned 30 clicks in 119 days combined (~0.25/day). Use 410 rather than 404: unambiguous and de-indexed faster. Retain source files in git.",P1
https://panamarealestateguide.com/articles/sending-money-panama-wire-transfer.html,/articles/sending-money-panama-wire-transfer.html,en,articles,0,427,10.4,Improve,rewrite in place,,GSC 119d: 0 clicks / 427 impr / avg pos 10.4,Has measurable impressions but weak position; a rewrite should convert impressions to clicks.,P2
https://panamarealestateguide.com/es/articles/sending-money-panama-wire-transfer.html,/es/articles/sending-money-panama-wire-transfer.html,es,articles,0,0,,Remove,410 Gone,,GSC 119d: 0 clicks / 0 impr,"Machine-translated duplicate. Verified safe to delete: Semrush Top Pages shows 0 referring domains on every deep URL (93 of 103 ref domains point at the root), so there is no page-level link equity to preserve. ES/DE/PT buying demand is negligible (Semrush PA db: 32 kws / 190 total vol) and these pages actively cannibalise their own English originals. All 405 earned 30 clicks in 119 days combined (~0.25/day). Use 410 rather than 404: unambiguous and de-indexed faster. Retain source files in git.",P1
https://panamarealestateguide.com/pt/articles/sending-money-panama-wire-transfer.html,/pt/articles/sending-money-panama-wire-transfer.html,pt,articles,0,0,,Remove,410 Gone,,GSC 119d: 0 clicks / 0 impr,"Machine-translated duplicate. Verified safe to delete: Semrush Top Pages shows 0 referring domains on every deep URL (93 of 103 ref domains point at the root), so there is no page-level link equity to preserve. ES/DE/PT buying demand is negligible (Semrush PA db: 32 kws / 190 total vol) and these pages actively cannibalise their own English originals. All 405 earned 30 clicks in 119 days combined (~0.25/day). Use 410 rather than 404: unambiguous and de-indexed faster. Retain source files in git.",P1
https://panamarealestateguide.com/de/articles/sending-money-panama-wire-transfer.html,/de/articles/sending-money-panama-wire-transfer.html,de,articles,0,0,,Remove,410 Gone,,GSC 119d: 0 clicks / 0 impr,"Machine-translated duplicate. Verified safe to delete: Semrush Top Pages shows 0 referring domains on every deep URL (93 of 103 ref domains point at the root), so there is no page-level link equity to preserve. ES/DE/PT buying demand is negligible (Semrush PA db: 32 kws / 190 total vol) and these pages actively cannibalise their own English originals. All 405 earned 30 clicks in 119 days combined (~0.25/day). Use 410 rather than 404: unambiguous and de-indexed faster. Retain source files in git.",P1
https://panamarealestateguide.com/articles/how-to-move-to-panama-step-by-step-2026.html,/articles/how-to-move-to-panama-step-by-step-2026.html,en,articles,0,7,5.7,Consolidate,301,https://panamarealestateguide.com/articles/real-cost-of-moving-to-panama.html,GSC 119d: 0 clicks / 7 impr / avg pos 5.7,Confirmed cannibalisation — competes with the destination for the same query set. Merge unique passages into the destination and 301.,P1
https://panamarealestateguide.com/es/articles/how-to-move-to-panama-step-by-step-2026.html,/es/articles/how-to-move-to-panama-step-by-step-2026.html,es,articles,0,0,,Remove,410 Gone,,GSC 119d: 0 clicks / 0 impr,"Machine-translated duplicate. Verified safe to delete: Semrush Top Pages shows 0 referring domains on every deep URL (93 of 103 ref domains point at the root), so there is no page-level link equity to preserve. ES/DE/PT buying demand is negligible (Semrush PA db: 32 kws / 190 total vol) and these pages actively cannibalise their own English originals. All 405 earned 30 clicks in 119 days combined (~0.25/day). Use 410 rather than 404: unambiguous and de-indexed faster. Retain source files in git.",P1
https://panamarealestateguide.com/pt/articles/how-to-move-to-panama-step-by-step-2026.html,/pt/articles/how-to-move-to-panama-step-by-step-2026.html,pt,articles,0,0,,Remove,410 Gone,,GSC 119d: 0 clicks / 0 impr,"Machine-translated duplicate. Verified safe to delete: Semrush Top Pages shows 0 referring domains on every deep URL (93 of 103 ref domains point at the root), so there is no page-level link equity to preserve. ES/DE/PT buying demand is negligible (Semrush PA db: 32 kws / 190 total vol) and these pages actively cannibalise their own English originals. All 405 earned 30 clicks in 119 days combined (~0.25/day). Use 410 rather than 404: unambiguous and de-indexed faster. Retain source files in git.",P1
https://panamarealestateguide.com/de/articles/how-to-move-to-panama-step-by-step-2026.html,/de/articles/how-to-move-to-panama-step-by-step-2026.html,de,articles,0,0,,Remove,410 Gone,,GSC 119d: 0 clicks / 0 impr,"Machine-translated duplicate. Verified safe to delete: Semrush Top Pages shows 0 referring domains on every deep URL (93 of 103 ref domains point at the root), so there is no page-level link equity to preserve. ES/DE/PT buying demand is negligible (Semrush PA db: 32 kws / 190 total vol) and these pages actively cannibalise their own English originals. All 405 earned 30 clicks in 119 days combined (~0.25/day). Use 410 rather than 404: unambiguous and de-indexed faster. Retain source files in git.",P1
https://panamarealestateguide.com/articles/moving-to-panama-from-canada.html,/articles/moving-to-panama-from-canada.html,en,articles,0,83,11.7,Improve,rewrite in place,,GSC 119d: 0 clicks / 83 impr / avg pos 11.7,Has measurable impressions but weak position; a rewrite should convert impressions to clicks.,P2
https://panamarealestateguide.com/es/articles/moving-to-panama-from-canada.html,/es/articles/moving-to-panama-from-canada.html,es,articles,0,0,,Remove,410 Gone,,GSC 119d: 0 clicks / 0 impr,"Machine-translated duplicate. Verified safe to delete: Semrush Top Pages shows 0 referring domains on every deep URL (93 of 103 ref domains point at the root), so there is no page-level link equity to preserve. ES/DE/PT buying demand is negligible (Semrush PA db: 32 kws / 190 total vol) and these pages actively cannibalise their own English originals. All 405 earned 30 clicks in 119 days combined (~0.25/day). Use 410 rather than 404: unambiguous and de-indexed faster. Retain source files in git.",P1
https://panamarealestateguide.com/pt/articles/moving-to-panama-from-canada.html,/pt/articles/moving-to-panama-from-canada.html,pt,articles,0,0,,Remove,410 Gone,,GSC 119d: 0 clicks / 0 impr,"Machine-translated duplicate. Verified safe to delete: Semrush Top Pages shows 0 referring domains on every deep URL (93 of 103 ref domains point at the root), so there is no page-level link equity to preserve. ES/DE/PT buying demand is negligible (Semrush PA db: 32 kws / 190 total vol) and these pages actively cannibalise their own English originals. All 405 earned 30 clicks in 119 days combined (~0.25/day). Use 410 rather than 404: unambiguous and de-indexed faster. Retain source files in git.",P1
https://panamarealestateguide.com/de/articles/moving-to-panama-from-canada.html,/de/articles/moving-to-panama-from-canada.html,de,articles,0,0,,Remove,410 Gone,,GSC 119d: 0 clicks / 0 impr,"Machine-translated duplicate. Verified safe to delete: Semrush Top Pages shows 0 referring domains on every deep URL (93 of 103 ref domains point at the root), so there is no page-level link equity to preserve. ES/DE/PT buying demand is negligible (Semrush PA db: 32 kws / 190 total vol) and these pages actively cannibalise their own English originals. All 405 earned 30 clicks in 119 days combined (~0.25/day). Use 410 rather than 404: unambiguous and de-indexed faster. Retain source files in git.",P1
https://panamarealestateguide.com/articles/moving-to-panama-from-florida.html,/articles/moving-to-panama-from-florida.html,en,articles,0,16,7.2,Keep,no change,,GSC 119d: 0 clicks / 16 impr / avg pos 7.2,Low signal but topically relevant and contributes internal-link/topical-authority value. Do not delete on zero traffic alone.,P3
https://panamarealestateguide.com/es/articles/moving-to-panama-from-florida.html,/es/articles/moving-to-panama-from-florida.html,es,articles,0,0,,Remove,410 Gone,,GSC 119d: 0 clicks / 0 impr,"Machine-translated duplicate. Verified safe to delete: Semrush Top Pages shows 0 referring domains on every deep URL (93 of 103 ref domains point at the root), so there is no page-level link equity to preserve. ES/DE/PT buying demand is negligible (Semrush PA db: 32 kws / 190 total vol) and these pages actively cannibalise their own English originals. All 405 earned 30 clicks in 119 days combined (~0.25/day). Use 410 rather than 404: unambiguous and de-indexed faster. Retain source files in git.",P1
https://panamarealestateguide.com/pt/articles/moving-to-panama-from-florida.html,/pt/articles/moving-to-panama-from-florida.html,pt,articles,0,0,,Remove,410 Gone,,GSC 119d: 0 clicks / 0 impr,"Machine-translated duplicate. Verified safe to delete: Semrush Top Pages shows 0 referring domains on every deep URL (93 of 103 ref domains point at the root), so there is no page-level link equity to preserve. ES/DE/PT buying demand is negligible (Semrush PA db: 32 kws / 190 total vol) and these pages actively cannibalise their own English originals. All 405 earned 30 clicks in 119 days combined (~0.25/day). Use 410 rather than 404: unambiguous and de-indexed faster. Retain source files in git.",P1
https://panamarealestateguide.com/de/articles/moving-to-panama-from-florida.html,/de/articles/moving-to-panama-from-florida.html,de,articles,0,0,,Remove,410 Gone,,GSC 119d: 0 clicks / 0 impr,"Machine-translated duplicate. Verified safe to delete: Semrush Top Pages shows 0 referring domains on every deep URL (93 of 103 ref domains point at the root), so there is no page-level link equity to preserve. ES/DE/PT buying demand is negligible (Semrush PA db: 32 kws / 190 total vol) and these pages actively cannibalise their own English originals. All 405 earned 30 clicks in 119 days combined (~0.25/day). Use 410 rather than 404: unambiguous and de-indexed faster. Retain source files in git.",P1
https://panamarealestateguide.com/articles/moving-to-panama-from-texas.html,/articles/moving-to-panama-from-texas.html,en,articles,0,25,7.0,Keep,no change,,GSC 119d: 0 clicks / 25 impr / avg pos 7.0,Low signal but topically relevant and contributes internal-link/topical-authority value. Do not delete on zero traffic alone.,P3
https://panamarealestateguide.com/es/articles/moving-to-panama-from-texas.html,/es/articles/moving-to-panama-from-texas.html,es,articles,0,0,,Remove,410 Gone,,GSC 119d: 0 clicks / 0 impr,"Machine-translated duplicate. Verified safe to delete: Semrush Top Pages shows 0 referring domains on every deep URL (93 of 103 ref domains point at the root), so there is no page-level link equity to preserve. ES/DE/PT buying demand is negligible (Semrush PA db: 32 kws / 190 total vol) and these pages actively cannibalise their own English originals. All 405 earned 30 clicks in 119 days combined (~0.25/day). Use 410 rather than 404: unambiguous and de-indexed faster. Retain source files in git.",P1
https://panamarealestateguide.com/pt/articles/moving-to-panama-from-texas.html,/pt/articles/moving-to-panama-from-texas.html,pt,articles,0,0,,Remove,410 Gone,,GSC 119d: 0 clicks / 0 impr,"Machine-translated duplicate. Verified safe to delete: Semrush Top Pages shows 0 referring domains on every deep URL (93 of 103 ref domains point at the root), so there is no page-level link equity to preserve. ES/DE/PT buying demand is negligible (Semrush PA db: 32 kws / 190 total vol) and these pages actively cannibalise their own English originals. All 405 earned 30 clicks in 119 days combined (~0.25/day). Use 410 rather than 404: unambiguous and de-indexed faster. Retain source files in git.",P1
https://panamarealestateguide.com/de/articles/moving-to-panama-from-texas.html,/de/articles/moving-to-panama-from-texas.html,de,articles,0,0,,Remove,410 Gone,,GSC 119d: 0 clicks / 0 impr,"Machine-translated duplicate. Verified safe to delete: Semrush Top Pages shows 0 referring domains on every deep URL (93 of 103 ref domains point at the root), so there is no page-level link equity to preserve. ES/DE/PT buying demand is negligible (Semrush PA db: 32 kws / 190 total vol) and these pages actively cannibalise their own English originals. All 405 earned 30 clicks in 119 days combined (~0.25/day). Use 410 rather than 404: unambiguous and de-indexed faster. Retain source files in git.",P1
https://panamarealestateguide.com/articles/moving-to-panama-from-uk.html,/articles/moving-to-panama-from-uk.html,en,articles,0,70,8.0,Improve,rewrite in place,,GSC 119d: 0 clicks / 70 impr / avg pos 8.0,Has measurable impressions but weak position; a rewrite should convert impressions to clicks.,P2
https://panamarealestateguide.com/es/articles/moving-to-panama-from-uk.html,/es/articles/moving-to-panama-from-uk.html,es,articles,0,0,,Remove,410 Gone,,GSC 119d: 0 clicks / 0 impr,"Machine-translated duplicate. Verified safe to delete: Semrush Top Pages shows 0 referring domains on every deep URL (93 of 103 ref domains point at the root), so there is no page-level link equity to preserve. ES/DE/PT buying demand is negligible (Semrush PA db: 32 kws / 190 total vol) and these pages actively cannibalise their own English originals. All 405 earned 30 clicks in 119 days combined (~0.25/day). Use 410 rather than 404: unambiguous and de-indexed faster. Retain source files in git.",P1
https://panamarealestateguide.com/pt/articles/moving-to-panama-from-uk.html,/pt/articles/moving-to-panama-from-uk.html,pt,articles,0,0,,Remove,410 Gone,,GSC 119d: 0 clicks / 0 impr,"Machine-translated duplicate. Verified safe to delete: Semrush Top Pages shows 0 referring domains on every deep URL (93 of 103 ref domains point at the root), so there is no page-level link equity to preserve. ES/DE/PT buying demand is negligible (Semrush PA db: 32 kws / 190 total vol) and these pages actively cannibalise their own English originals. All 405 earned 30 clicks in 119 days combined (~0.25/day). Use 410 rather than 404: unambiguous and de-indexed faster. Retain source files in git.",P1
https://panamarealestateguide.com/de/articles/moving-to-panama-from-uk.html,/de/articles/moving-to-panama-from-uk.html,de,articles,0,0,,Remove,410 Gone,,GSC 119d: 0 clicks / 0 impr,"Machine-translated duplicate. Verified safe to delete: Semrush Top Pages shows 0 referring domains on every deep URL (93 of 103 ref domains point at the root), so there is no page-level link equity to preserve. ES/DE/PT buying demand is negligible (Semrush PA db: 32 kws / 190 total vol) and these pages actively cannibalise their own English originals. All 405 earned 30 clicks in 119 days combined (~0.25/day). Use 410 rather than 404: unambiguous and de-indexed faster. Retain source files in git.",P1
https://panamarealestateguide.com/articles/moving-to-panama-with-pets.html,/articles/moving-to-panama-with-pets.html,en,articles,1,1824,7.9,Improve,rewrite in place,,GSC 119d: 1 clicks / 1824 impr / avg pos 7.9,Has measurable impressions but weak position; a rewrite should convert impressions to clicks.,P2
https://panamarealestateguide.com/es/articles/moving-to-panama-with-pets.html,/es/articles/moving-to-panama-with-pets.html,es,articles,0,0,,Remove,410 Gone,,GSC 119d: 0 clicks / 0 impr,"Machine-translated duplicate. Verified safe to delete: Semrush Top Pages shows 0 referring domains on every deep URL (93 of 103 ref domains point at the root), so there is no page-level link equity to preserve. ES/DE/PT buying demand is negligible (Semrush PA db: 32 kws / 190 total vol) and these pages actively cannibalise their own English originals. All 405 earned 30 clicks in 119 days combined (~0.25/day). Use 410 rather than 404: unambiguous and de-indexed faster. Retain source files in git.",P1
https://panamarealestateguide.com/pt/articles/moving-to-panama-with-pets.html,/pt/articles/moving-to-panama-with-pets.html,pt,articles,1,48,8.8,Remove,410 Gone,,GSC 119d: 1 clicks / 48 impr / avg pos 8.8,"Machine-translated duplicate. Verified safe to delete: Semrush Top Pages shows 0 referring domains on every deep URL (93 of 103 ref domains point at the root), so there is no page-level link equity to preserve. ES/DE/PT buying demand is negligible (Semrush PA db: 32 kws / 190 total vol) and these pages actively cannibalise their own English originals. All 405 earned 30 clicks in 119 days combined (~0.25/day). Use 410 rather than 404: unambiguous and de-indexed faster. Retain source files in git.",P1
https://panamarealestateguide.com/de/articles/moving-to-panama-with-pets.html,/de/articles/moving-to-panama-with-pets.html,de,articles,1,37,6.6,Remove,410 Gone,,GSC 119d: 1 clicks / 37 impr / avg pos 6.6,"Machine-translated duplicate. Verified safe to delete: Semrush Top Pages shows 0 referring domains on every deep URL (93 of 103 ref domains point at the root), so there is no page-level link equity to preserve. ES/DE/PT buying demand is negligible (Semrush PA db: 32 kws / 190 total vol) and these pages actively cannibalise their own English originals. All 405 earned 30 clicks in 119 days combined (~0.25/day). Use 410 rather than 404: unambiguous and de-indexed faster. Retain source files in git.",P1
https://panamarealestateguide.com/articles/panama-deutsche-auswanderer.html,/articles/panama-deutsche-auswanderer.html,en,articles,0,5,4.0,Consolidate,301,https://panamarealestateguide.com/articles/retire-in-panama.html,GSC 119d: 0 clicks / 5 impr / avg pos 4.0,"Nationality-slice page with negligible measured demand. Merge the genuinely distinct content (visa reciprocity, tax treaty) into the residency pillar as a section.",P2
https://panamarealestateguide.com/articles/panama-para-argentinos-guia-2026.html,/articles/panama-para-argentinos-guia-2026.html,en,articles,0,27,5.3,Consolidate,301,https://panamarealestateguide.com/articles/retire-in-panama.html,GSC 119d: 0 clicks / 27 impr / avg pos 5.3,"Nationality-slice page with negligible measured demand. Merge the genuinely distinct content (visa reciprocity, tax treaty) into the residency pillar as a section.",P2
https://panamarealestateguide.com/articles/panama-para-brasileiros-guia-2026.html,/articles/panama-para-brasileiros-guia-2026.html,en,articles,0,27,8.6,Consolidate,301,https://panamarealestateguide.com/articles/retire-in-panama.html,GSC 119d: 0 clicks / 27 impr / avg pos 8.6,"Nationality-slice page with negligible measured demand. Merge the genuinely distinct content (visa reciprocity, tax treaty) into the residency pillar as a section.",P2
https://panamarealestateguide.com/articles/panama-para-colombianos-guia-2026.html,/articles/panama-para-colombianos-guia-2026.html,en,articles,0,38,7.7,Consolidate,301,https://panamarealestateguide.com/articles/retire-in-panama.html,GSC 119d: 0 clicks / 38 impr / avg pos 7.7,"Nationality-slice page with negligible measured demand. Merge the genuinely distinct content (visa reciprocity, tax treaty) into the residency pillar as a section.",P2
https://panamarealestateguide.com/articles/panama-para-ecuatorianos-guia-2026.html,/articles/panama-para-ecuatorianos-guia-2026.html,en,articles,0,21,9.0,Consolidate,301,https://panamarealestateguide.com/articles/retire-in-panama.html,GSC 119d: 0 clicks / 21 impr / avg pos 9.0,"Nationality-slice page with negligible measured demand. Merge the genuinely distinct content (visa reciprocity, tax treaty) into the residency pillar as a section.",P2
https://panamarealestateguide.com/articles/panama-para-mexicanos-guia-2026.html,/articles/panama-para-mexicanos-guia-2026.html,en,articles,0,4,6.5,Consolidate,301,https://panamarealestateguide.com/articles/retire-in-panama.html,GSC 119d: 0 clicks / 4 impr / avg pos 6.5,"Nationality-slice page with negligible measured demand. Merge the genuinely distinct content (visa reciprocity, tax treaty) into the residency pillar as a section.",P2
https://panamarealestateguide.com/articles/panama-para-peruanos-guia-2026.html,/articles/panama-para-peruanos-guia-2026.html,en,articles,0,11,7.0,Consolidate,301,https://panamarealestateguide.com/articles/retire-in-panama.html,GSC 119d: 0 clicks / 11 impr / avg pos 7.0,"Nationality-slice page with negligible measured demand. Merge the genuinely distinct content (visa reciprocity, tax treaty) into the residency pillar as a section.",P2
https://panamarealestateguide.com/articles/vivir-en-panama-venezolanos.html,/articles/vivir-en-panama-venezolanos.html,en,articles,0,24,36.7,Consolidate,301,https://panamarealestateguide.com/articles/retire-in-panama.html,GSC 119d: 0 clicks / 24 impr / avg pos 36.7,"Nationality-slice page with negligible measured demand. Merge the genuinely distinct content (visa reciprocity, tax treaty) into the residency pillar as a section.",P2
https://panamarealestateguide.com/articles/what-to-pack-moving-to-panama.html,/articles/what-to-pack-moving-to-panama.html,en,articles,0,8,9.1,Keep,no change,,GSC 119d: 0 clicks / 8 impr / avg pos 9.1,Low signal but topically relevant and contributes internal-link/topical-authority value. Do not delete on zero traffic alone.,P3
https://panamarealestateguide.com/es/articles/what-to-pack-moving-to-panama.html,/es/articles/what-to-pack-moving-to-panama.html,es,articles,0,0,,Remove,410 Gone,,GSC 119d: 0 clicks / 0 impr,"Machine-translated duplicate. Verified safe to delete: Semrush Top Pages shows 0 referring domains on every deep URL (93 of 103 ref domains point at the root), so there is no page-level link equity to preserve. ES/DE/PT buying demand is negligible (Semrush PA db: 32 kws / 190 total vol) and these pages actively cannibalise their own English originals. All 405 earned 30 clicks in 119 days combined (~0.25/day). Use 410 rather than 404: unambiguous and de-indexed faster. Retain source files in git.",P1
https://panamarealestateguide.com/pt/articles/what-to-pack-moving-to-panama.html,/pt/articles/what-to-pack-moving-to-panama.html,pt,articles,0,0,,Remove,410 Gone,,GSC 119d: 0 clicks / 0 impr,"Machine-translated duplicate. Verified safe to delete: Semrush Top Pages shows 0 referring domains on every deep URL (93 of 103 ref domains point at the root), so there is no page-level link equity to preserve. ES/DE/PT buying demand is negligible (Semrush PA db: 32 kws / 190 total vol) and these pages actively cannibalise their own English originals. All 405 earned 30 clicks in 119 days combined (~0.25/day). Use 410 rather than 404: unambiguous and de-indexed faster. Retain source files in git.",P1
https://panamarealestateguide.com/de/articles/what-to-pack-moving-to-panama.html,/de/articles/what-to-pack-moving-to-panama.html,de,articles,0,0,,Remove,410 Gone,,GSC 119d: 0 clicks / 0 impr,"Machine-translated duplicate. Verified safe to delete: Semrush Top Pages shows 0 referring domains on every deep URL (93 of 103 ref domains point at the root), so there is no page-level link equity to preserve. ES/DE/PT buying demand is negligible (Semrush PA db: 32 kws / 190 total vol) and these pages actively cannibalise their own English originals. All 405 earned 30 clicks in 119 days combined (~0.25/day). Use 410 rather than 404: unambiguous and de-indexed faster. Retain source files in git.",P1
https://panamarealestateguide.com/articles/10-best-places-to-live-in-panama-2026.html,/articles/10-best-places-to-live-in-panama-2026.html,en,articles,1,94,22.6,Consolidate,301,https://panamarealestateguide.com/articles/best-neighborhoods-panama-city-expats.html,GSC 119d: 1 clicks / 94 impr / avg pos 22.6,Confirmed cannibalisation — competes with the destination for the same query set. Merge unique passages into the destination and 301.,P1
https://panamarealestateguide.com/es/articles/10-best-places-to-live-in-panama-2026.html,/es/articles/10-best-places-to-live-in-panama-2026.html,es,articles,0,0,,Remove,410 Gone,,GSC 119d: 0 clicks / 0 impr,"Machine-translated duplicate. Verified safe to delete: Semrush Top Pages shows 0 referring domains on every deep URL (93 of 103 ref domains point at the root), so there is no page-level link equity to preserve. ES/DE/PT buying demand is negligible (Semrush PA db: 32 kws / 190 total vol) and these pages actively cannibalise their own English originals. All 405 earned 30 clicks in 119 days combined (~0.25/day). Use 410 rather than 404: unambiguous and de-indexed faster. Retain source files in git.",P1
https://panamarealestateguide.com/pt/articles/10-best-places-to-live-in-panama-2026.html,/pt/articles/10-best-places-to-live-in-panama-2026.html,pt,articles,0,0,,Remove,410 Gone,,GSC 119d: 0 clicks / 0 impr,"Machine-translated duplicate. Verified safe to delete: Semrush Top Pages shows 0 referring domains on every deep URL (93 of 103 ref domains point at the root), so there is no page-level link equity to preserve. ES/DE/PT buying demand is negligible (Semrush PA db: 32 kws / 190 total vol) and these pages actively cannibalise their own English originals. All 405 earned 30 clicks in 119 days combined (~0.25/day). Use 410 rather than 404: unambiguous and de-indexed faster. Retain source files in git.",P1
https://panamarealestateguide.com/de/articles/10-best-places-to-live-in-panama-2026.html,/de/articles/10-best-places-to-live-in-panama-2026.html,de,articles,2,45,5.7,Remove,410 Gone,,GSC 119d: 2 clicks / 45 impr / avg pos 5.7,"Machine-translated duplicate. Verified safe to delete: Semrush Top Pages shows 0 referring domains on every deep URL (93 of 103 ref domains point at the root), so there is no page-level link equity to preserve. ES/DE/PT buying demand is negligible (Semrush PA db: 32 kws / 190 total vol) and these pages actively cannibalise their own English originals. All 405 earned 30 clicks in 119 days combined (~0.25/day). Use 410 rather than 404: unambiguous and de-indexed faster. Retain source files in git.",P1
https://panamarealestateguide.com/articles/best-beaches-panama-expats.html,/articles/best-beaches-panama-expats.html,en,articles,3,199,15.0,Improve,rewrite in place,,GSC 119d: 3 clicks / 199 impr / avg pos 15.0,Has measurable impressions but weak position; a rewrite should convert impressions to clicks.,P2
https://panamarealestateguide.com/es/articles/best-beaches-panama-expats.html,/es/articles/best-beaches-panama-expats.html,es,articles,0,0,,Remove,410 Gone,,GSC 119d: 0 clicks / 0 impr,"Machine-translated duplicate. Verified safe to delete: Semrush Top Pages shows 0 referring domains on every deep URL (93 of 103 ref domains point at the root), so there is no page-level link equity to preserve. ES/DE/PT buying demand is negligible (Semrush PA db: 32 kws / 190 total vol) and these pages actively cannibalise their own English originals. All 405 earned 30 clicks in 119 days combined (~0.25/day). Use 410 rather than 404: unambiguous and de-indexed faster. Retain source files in git.",P1
https://panamarealestateguide.com/pt/articles/best-beaches-panama-expats.html,/pt/articles/best-beaches-panama-expats.html,pt,articles,0,0,,Remove,410 Gone,,GSC 119d: 0 clicks / 0 impr,"Machine-translated duplicate. Verified safe to delete: Semrush Top Pages shows 0 referring domains on every deep URL (93 of 103 ref domains point at the root), so there is no page-level link equity to preserve. ES/DE/PT buying demand is negligible (Semrush PA db: 32 kws / 190 total vol) and these pages actively cannibalise their own English originals. All 405 earned 30 clicks in 119 days combined (~0.25/day). Use 410 rather than 404: unambiguous and de-indexed faster. Retain source files in git.",P1
https://panamarealestateguide.com/de/articles/best-beaches-panama-expats.html,/de/articles/best-beaches-panama-expats.html,de,articles,1,456,67.1,Remove,410 Gone,,GSC 119d: 1 clicks / 456 impr / avg pos 67.1,"Machine-translated duplicate. Verified safe to delete: Semrush Top Pages shows 0 referring domains on every deep URL (93 of 103 ref domains point at the root), so there is no page-level link equity to preserve. ES/DE/PT buying demand is negligible (Semrush PA db: 32 kws / 190 total vol) and these pages actively cannibalise their own English originals. All 405 earned 30 clicks in 119 days combined (~0.25/day). Use 410 rather than 404: unambiguous and de-indexed faster. Retain source files in git.",P1
https://panamarealestateguide.com/articles/expat-depression-panama-unfiltered.html,/articles/expat-depression-panama-unfiltered.html,en,articles,0,6,7.0,Keep,no change,,GSC 119d: 0 clicks / 6 impr / avg pos 7.0,Low signal but topically relevant and contributes internal-link/topical-authority value. Do not delete on zero traffic alone.,P3
https://panamarealestateguide.com/es/articles/expat-depression-panama-unfiltered.html,/es/articles/expat-depression-panama-unfiltered.html,es,articles,0,0,,Remove,410 Gone,,GSC 119d: 0 clicks / 0 impr,"Machine-translated duplicate. Verified safe to delete: Semrush Top Pages shows 0 referring domains on every deep URL (93 of 103 ref domains point at the root), so there is no page-level link equity to preserve. ES/DE/PT buying demand is negligible (Semrush PA db: 32 kws / 190 total vol) and these pages actively cannibalise their own English originals. All 405 earned 30 clicks in 119 days combined (~0.25/day). Use 410 rather than 404: unambiguous and de-indexed faster. Retain source files in git.",P1
https://panamarealestateguide.com/pt/articles/expat-depression-panama-unfiltered.html,/pt/articles/expat-depression-panama-unfiltered.html,pt,articles,0,0,,Remove,410 Gone,,GSC 119d: 0 clicks / 0 impr,"Machine-translated duplicate. Verified safe to delete: Semrush Top Pages shows 0 referring domains on every deep URL (93 of 103 ref domains point at the root), so there is no page-level link equity to preserve. ES/DE/PT buying demand is negligible (Semrush PA db: 32 kws / 190 total vol) and these pages actively cannibalise their own English originals. All 405 earned 30 clicks in 119 days combined (~0.25/day). Use 410 rather than 404: unambiguous and de-indexed faster. Retain source files in git.",P1
https://panamarealestateguide.com/de/articles/expat-depression-panama-unfiltered.html,/de/articles/expat-depression-panama-unfiltered.html,de,articles,0,0,,Remove,410 Gone,,GSC 119d: 0 clicks / 0 impr,"Machine-translated duplicate. Verified safe to delete: Semrush Top Pages shows 0 referring domains on every deep URL (93 of 103 ref domains point at the root), so there is no page-level link equity to preserve. ES/DE/PT buying demand is negligible (Semrush PA db: 32 kws / 190 total vol) and these pages actively cannibalise their own English originals. All 405 earned 30 clicks in 119 days combined (~0.25/day). Use 410 rather than 404: unambiguous and de-indexed faster. Retain source files in git.",P1
https://panamarealestateguide.com/articles/getting-around-panama-city-guide.html,/articles/getting-around-panama-city-guide.html,en,articles,0,5,7.2,Keep,no change,,GSC 119d: 0 clicks / 5 impr / avg pos 7.2,Low signal but topically relevant and contributes internal-link/topical-authority value. Do not delete on zero traffic alone.,P3
https://panamarealestateguide.com/es/articles/getting-around-panama-city-guide.html,/es/articles/getting-around-panama-city-guide.html,es,articles,0,0,,Remove,410 Gone,,GSC 119d: 0 clicks / 0 impr,"Machine-translated duplicate. Verified safe to delete: Semrush Top Pages shows 0 referring domains on every deep URL (93 of 103 ref domains point at the root), so there is no page-level link equity to preserve. ES/DE/PT buying demand is negligible (Semrush PA db: 32 kws / 190 total vol) and these pages actively cannibalise their own English originals. All 405 earned 30 clicks in 119 days combined (~0.25/day). Use 410 rather than 404: unambiguous and de-indexed faster. Retain source files in git.",P1
https://panamarealestateguide.com/pt/articles/getting-around-panama-city-guide.html,/pt/articles/getting-around-panama-city-guide.html,pt,articles,0,0,,Remove,410 Gone,,GSC 119d: 0 clicks / 0 impr,"Machine-translated duplicate. Verified safe to delete: Semrush Top Pages shows 0 referring domains on every deep URL (93 of 103 ref domains point at the root), so there is no page-level link equity to preserve. ES/DE/PT buying demand is negligible (Semrush PA db: 32 kws / 190 total vol) and these pages actively cannibalise their own English originals. All 405 earned 30 clicks in 119 days combined (~0.25/day). Use 410 rather than 404: unambiguous and de-indexed faster. Retain source files in git.",P1
https://panamarealestateguide.com/de/articles/getting-around-panama-city-guide.html,/de/articles/getting-around-panama-city-guide.html,de,articles,0,0,,Remove,410 Gone,,GSC 119d: 0 clicks / 0 impr,"Machine-translated duplicate. Verified safe to delete: Semrush Top Pages shows 0 referring domains on every deep URL (93 of 103 ref domains point at the root), so there is no page-level link equity to preserve. ES/DE/PT buying demand is negligible (Semrush PA db: 32 kws / 190 total vol) and these pages actively cannibalise their own English originals. All 405 earned 30 clicks in 119 days combined (~0.25/day). Use 410 rather than 404: unambiguous and de-indexed faster. Retain source files in git.",P1
https://panamarealestateguide.com/articles/internet-providers-panama-expats.html,/articles/internet-providers-panama-expats.html,en,articles,3,3534,8.2,Improve,rewrite in place,,GSC 119d: 3 clicks / 3534 impr / avg pos 8.2,Has measurable impressions but weak position; a rewrite should convert impressions to clicks.,P2
https://panamarealestateguide.com/es/articles/internet-providers-panama-expats.html,/es/articles/internet-providers-panama-expats.html,es,articles,0,0,,Remove,410 Gone,,GSC 119d: 0 clicks / 0 impr,"Machine-translated duplicate. Verified safe to delete: Semrush Top Pages shows 0 referring domains on every deep URL (93 of 103 ref domains point at the root), so there is no page-level link equity to preserve. ES/DE/PT buying demand is negligible (Semrush PA db: 32 kws / 190 total vol) and these pages actively cannibalise their own English originals. All 405 earned 30 clicks in 119 days combined (~0.25/day). Use 410 rather than 404: unambiguous and de-indexed faster. Retain source files in git.",P1
https://panamarealestateguide.com/pt/articles/internet-providers-panama-expats.html,/pt/articles/internet-providers-panama-expats.html,pt,articles,0,0,,Remove,410 Gone,,GSC 119d: 0 clicks / 0 impr,"Machine-translated duplicate. Verified safe to delete: Semrush Top Pages shows 0 referring domains on every deep URL (93 of 103 ref domains point at the root), so there is no page-level link equity to preserve. ES/DE/PT buying demand is negligible (Semrush PA db: 32 kws / 190 total vol) and these pages actively cannibalise their own English originals. All 405 earned 30 clicks in 119 days combined (~0.25/day). Use 410 rather than 404: unambiguous and de-indexed faster. Retain source files in git.",P1
https://panamarealestateguide.com/de/articles/internet-providers-panama-expats.html,/de/articles/internet-providers-panama-expats.html,de,articles,0,0,,Remove,410 Gone,,GSC 119d: 0 clicks / 0 impr,"Machine-translated duplicate. Verified safe to delete: Semrush Top Pages shows 0 referring domains on every deep URL (93 of 103 ref domains point at the root), so there is no page-level link equity to preserve. ES/DE/PT buying demand is negligible (Semrush PA db: 32 kws / 190 total vol) and these pages actively cannibalise their own English originals. All 405 earned 30 clicks in 119 days combined (~0.25/day). Use 410 rather than 404: unambiguous and de-indexed faster. Retain source files in git.",P1
https://panamarealestateguide.com/articles/panama-drivers-license-foreigners.html,/articles/panama-drivers-license-foreigners.html,en,articles,1,36,11.2,Improve,rewrite in place,,GSC 119d: 1 clicks / 36 impr / avg pos 11.2,Has measurable impressions but weak position; a rewrite should convert impressions to clicks.,P2
https://panamarealestateguide.com/es/articles/panama-drivers-license-foreigners.html,/es/articles/panama-drivers-license-foreigners.html,es,articles,0,0,,Remove,410 Gone,,GSC 119d: 0 clicks / 0 impr,"Machine-translated duplicate. Verified safe to delete: Semrush Top Pages shows 0 referring domains on every deep URL (93 of 103 ref domains point at the root), so there is no page-level link equity to preserve. ES/DE/PT buying demand is negligible (Semrush PA db: 32 kws / 190 total vol) and these pages actively cannibalise their own English originals. All 405 earned 30 clicks in 119 days combined (~0.25/day). Use 410 rather than 404: unambiguous and de-indexed faster. Retain source files in git.",P1
https://panamarealestateguide.com/pt/articles/panama-drivers-license-foreigners.html,/pt/articles/panama-drivers-license-foreigners.html,pt,articles,0,0,,Remove,410 Gone,,GSC 119d: 0 clicks / 0 impr,"Machine-translated duplicate. Verified safe to delete: Semrush Top Pages shows 0 referring domains on every deep URL (93 of 103 ref domains point at the root), so there is no page-level link equity to preserve. ES/DE/PT buying demand is negligible (Semrush PA db: 32 kws / 190 total vol) and these pages actively cannibalise their own English originals. All 405 earned 30 clicks in 119 days combined (~0.25/day). Use 410 rather than 404: unambiguous and de-indexed faster. Retain source files in git.",P1
https://panamarealestateguide.com/de/articles/panama-drivers-license-foreigners.html,/de/articles/panama-drivers-license-foreigners.html,de,articles,0,0,,Remove,410 Gone,,GSC 119d: 0 clicks / 0 impr,"Machine-translated duplicate. Verified safe to delete: Semrush Top Pages shows 0 referring domains on every deep URL (93 of 103 ref domains point at the root), so there is no page-level link equity to preserve. ES/DE/PT buying demand is negligible (Semrush PA db: 32 kws / 190 total vol) and these pages actively cannibalise their own English originals. All 405 earned 30 clicks in 119 days combined (~0.25/day). Use 410 rather than 404: unambiguous and de-indexed faster. Retain source files in git.",P1
https://panamarealestateguide.com/articles/panama-food-guide-expats.html,/articles/panama-food-guide-expats.html,en,articles,0,45,8.5,Improve,rewrite in place,,GSC 119d: 0 clicks / 45 impr / avg pos 8.5,Has measurable impressions but weak position; a rewrite should convert impressions to clicks.,P2
https://panamarealestateguide.com/es/articles/panama-food-guide-expats.html,/es/articles/panama-food-guide-expats.html,es,articles,0,0,,Remove,410 Gone,,GSC 119d: 0 clicks / 0 impr,"Machine-translated duplicate. Verified safe to delete: Semrush Top Pages shows 0 referring domains on every deep URL (93 of 103 ref domains point at the root), so there is no page-level link equity to preserve. ES/DE/PT buying demand is negligible (Semrush PA db: 32 kws / 190 total vol) and these pages actively cannibalise their own English originals. All 405 earned 30 clicks in 119 days combined (~0.25/day). Use 410 rather than 404: unambiguous and de-indexed faster. Retain source files in git.",P1
https://panamarealestateguide.com/pt/articles/panama-food-guide-expats.html,/pt/articles/panama-food-guide-expats.html,pt,articles,0,0,,Remove,410 Gone,,GSC 119d: 0 clicks / 0 impr,"Machine-translated duplicate. Verified safe to delete: Semrush Top Pages shows 0 referring domains on every deep URL (93 of 103 ref domains point at the root), so there is no page-level link equity to preserve. ES/DE/PT buying demand is negligible (Semrush PA db: 32 kws / 190 total vol) and these pages actively cannibalise their own English originals. All 405 earned 30 clicks in 119 days combined (~0.25/day). Use 410 rather than 404: unambiguous and de-indexed faster. Retain source files in git.",P1
https://panamarealestateguide.com/de/articles/panama-food-guide-expats.html,/de/articles/panama-food-guide-expats.html,de,articles,0,0,,Remove,410 Gone,,GSC 119d: 0 clicks / 0 impr,"Machine-translated duplicate. Verified safe to delete: Semrush Top Pages shows 0 referring domains on every deep URL (93 of 103 ref domains point at the root), so there is no page-level link equity to preserve. ES/DE/PT buying demand is negligible (Semrush PA db: 32 kws / 190 total vol) and these pages actively cannibalise their own English originals. All 405 earned 30 clicks in 119 days combined (~0.25/day). Use 410 rather than 404: unambiguous and de-indexed faster. Retain source files in git.",P1
https://panamarealestateguide.com/articles/panama-for-digital-nomads-2026.html,/articles/panama-for-digital-nomads-2026.html,en,articles,0,21,5.0,Keep,no change,,GSC 119d: 0 clicks / 21 impr / avg pos 5.0,Low signal but topically relevant and contributes internal-link/topical-authority value. Do not delete on zero traffic alone.,P3
https://panamarealestateguide.com/es/articles/panama-for-digital-nomads-2026.html,/es/articles/panama-for-digital-nomads-2026.html,es,articles,0,0,,Remove,410 Gone,,GSC 119d: 0 clicks / 0 impr,"Machine-translated duplicate. Verified safe to delete: Semrush Top Pages shows 0 referring domains on every deep URL (93 of 103 ref domains point at the root), so there is no page-level link equity to preserve. ES/DE/PT buying demand is negligible (Semrush PA db: 32 kws / 190 total vol) and these pages actively cannibalise their own English originals. All 405 earned 30 clicks in 119 days combined (~0.25/day). Use 410 rather than 404: unambiguous and de-indexed faster. Retain source files in git.",P1
https://panamarealestateguide.com/pt/articles/panama-for-digital-nomads-2026.html,/pt/articles/panama-for-digital-nomads-2026.html,pt,articles,0,0,,Remove,410 Gone,,GSC 119d: 0 clicks / 0 impr,"Machine-translated duplicate. Verified safe to delete: Semrush Top Pages shows 0 referring domains on every deep URL (93 of 103 ref domains point at the root), so there is no page-level link equity to preserve. ES/DE/PT buying demand is negligible (Semrush PA db: 32 kws / 190 total vol) and these pages actively cannibalise their own English originals. All 405 earned 30 clicks in 119 days combined (~0.25/day). Use 410 rather than 404: unambiguous and de-indexed faster. Retain source files in git.",P1
https://panamarealestateguide.com/de/articles/panama-for-digital-nomads-2026.html,/de/articles/panama-for-digital-nomads-2026.html,de,articles,0,0,,Remove,410 Gone,,GSC 119d: 0 clicks / 0 impr,"Machine-translated duplicate. Verified safe to delete: Semrush Top Pages shows 0 referring domains on every deep URL (93 of 103 ref domains point at the root), so there is no page-level link equity to preserve. ES/DE/PT buying demand is negligible (Semrush PA db: 32 kws / 190 total vol) and these pages actively cannibalise their own English originals. All 405 earned 30 clicks in 119 days combined (~0.25/day). Use 410 rather than 404: unambiguous and de-indexed faster. Retain source files in git.",P1
https://panamarealestateguide.com/articles/panama-for-families-with-children.html,/articles/panama-for-families-with-children.html,en,articles,0,19,8.8,Keep,no change,,GSC 119d: 0 clicks / 19 impr / avg pos 8.8,Low signal but topically relevant and contributes internal-link/topical-authority value. Do not delete on zero traffic alone.,P3
https://panamarealestateguide.com/es/articles/panama-for-families-with-children.html,/es/articles/panama-for-families-with-children.html,es,articles,0,0,,Remove,410 Gone,,GSC 119d: 0 clicks / 0 impr,"Machine-translated duplicate. Verified safe to delete: Semrush Top Pages shows 0 referring domains on every deep URL (93 of 103 ref domains point at the root), so there is no page-level link equity to preserve. ES/DE/PT buying demand is negligible (Semrush PA db: 32 kws / 190 total vol) and these pages actively cannibalise their own English originals. All 405 earned 30 clicks in 119 days combined (~0.25/day). Use 410 rather than 404: unambiguous and de-indexed faster. Retain source files in git.",P1
https://panamarealestateguide.com/pt/articles/panama-for-families-with-children.html,/pt/articles/panama-for-families-with-children.html,pt,articles,0,0,,Remove,410 Gone,,GSC 119d: 0 clicks / 0 impr,"Machine-translated duplicate. Verified safe to delete: Semrush Top Pages shows 0 referring domains on every deep URL (93 of 103 ref domains point at the root), so there is no page-level link equity to preserve. ES/DE/PT buying demand is negligible (Semrush PA db: 32 kws / 190 total vol) and these pages actively cannibalise their own English originals. All 405 earned 30 clicks in 119 days combined (~0.25/day). Use 410 rather than 404: unambiguous and de-indexed faster. Retain source files in git.",P1
https://panamarealestateguide.com/de/articles/panama-for-families-with-children.html,/de/articles/panama-for-families-with-children.html,de,articles,0,0,,Remove,410 Gone,,GSC 119d: 0 clicks / 0 impr,"Machine-translated duplicate. Verified safe to delete: Semrush Top Pages shows 0 referring domains on every deep URL (93 of 103 ref domains point at the root), so there is no page-level link equity to preserve. ES/DE/PT buying demand is negligible (Semrush PA db: 32 kws / 190 total vol) and these pages actively cannibalise their own English originals. All 405 earned 30 clicks in 119 days combined (~0.25/day). Use 410 rather than 404: unambiguous and de-indexed faster. Retain source files in git.",P1
https://panamarealestateguide.com/articles/panama-healthcare-costs-2026.html,/articles/panama-healthcare-costs-2026.html,en,articles,0,69,10.9,Improve,rewrite in place,,GSC 119d: 0 clicks / 69 impr / avg pos 10.9,Has measurable impressions but weak position; a rewrite should convert impressions to clicks.,P2
https://panamarealestateguide.com/es/articles/panama-healthcare-costs-2026.html,/es/articles/panama-healthcare-costs-2026.html,es,articles,0,0,,Remove,410 Gone,,GSC 119d: 0 clicks / 0 impr,"Machine-translated duplicate. Verified safe to delete: Semrush Top Pages shows 0 referring domains on every deep URL (93 of 103 ref domains point at the root), so there is no page-level link equity to preserve. ES/DE/PT buying demand is negligible (Semrush PA db: 32 kws / 190 total vol) and these pages actively cannibalise their own English originals. All 405 earned 30 clicks in 119 days combined (~0.25/day). Use 410 rather than 404: unambiguous and de-indexed faster. Retain source files in git.",P1
https://panamarealestateguide.com/pt/articles/panama-healthcare-costs-2026.html,/pt/articles/panama-healthcare-costs-2026.html,pt,articles,1,6,3.8,Remove,410 Gone,,GSC 119d: 1 clicks / 6 impr / avg pos 3.8,"Machine-translated duplicate. Verified safe to delete: Semrush Top Pages shows 0 referring domains on every deep URL (93 of 103 ref domains point at the root), so there is no page-level link equity to preserve. ES/DE/PT buying demand is negligible (Semrush PA db: 32 kws / 190 total vol) and these pages actively cannibalise their own English originals. All 405 earned 30 clicks in 119 days combined (~0.25/day). Use 410 rather than 404: unambiguous and de-indexed faster. Retain source files in git.",P1
https://panamarealestateguide.com/de/articles/panama-healthcare-costs-2026.html,/de/articles/panama-healthcare-costs-2026.html,de,articles,1,16,7.9,Remove,410 Gone,,GSC 119d: 1 clicks / 16 impr / avg pos 7.9,"Machine-translated duplicate. Verified safe to delete: Semrush Top Pages shows 0 referring domains on every deep URL (93 of 103 ref domains point at the root), so there is no page-level link equity to preserve. ES/DE/PT buying demand is negligible (Semrush PA db: 32 kws / 190 total vol) and these pages actively cannibalise their own English originals. All 405 earned 30 clicks in 119 days combined (~0.25/day). Use 410 rather than 404: unambiguous and de-indexed faster. Retain source files in git.",P1
https://panamarealestateguide.com/articles/panama-sim-card-guide.html,/articles/panama-sim-card-guide.html,en,articles,0,432,14.0,Improve,rewrite in place,,GSC 119d: 0 clicks / 432 impr / avg pos 14.0,Has measurable impressions but weak position; a rewrite should convert impressions to clicks.,P2
https://panamarealestateguide.com/es/articles/panama-sim-card-guide.html,/es/articles/panama-sim-card-guide.html,es,articles,0,0,,Remove,410 Gone,,GSC 119d: 0 clicks / 0 impr,"Machine-translated duplicate. Verified safe to delete: Semrush Top Pages shows 0 referring domains on every deep URL (93 of 103 ref domains point at the root), so there is no page-level link equity to preserve. ES/DE/PT buying demand is negligible (Semrush PA db: 32 kws / 190 total vol) and these pages actively cannibalise their own English originals. All 405 earned 30 clicks in 119 days combined (~0.25/day). Use 410 rather than 404: unambiguous and de-indexed faster. Retain source files in git.",P1
https://panamarealestateguide.com/pt/articles/panama-sim-card-guide.html,/pt/articles/panama-sim-card-guide.html,pt,articles,1,28,19.1,Remove,410 Gone,,GSC 119d: 1 clicks / 28 impr / avg pos 19.1,"Machine-translated duplicate. Verified safe to delete: Semrush Top Pages shows 0 referring domains on every deep URL (93 of 103 ref domains point at the root), so there is no page-level link equity to preserve. ES/DE/PT buying demand is negligible (Semrush PA db: 32 kws / 190 total vol) and these pages actively cannibalise their own English originals. All 405 earned 30 clicks in 119 days combined (~0.25/day). Use 410 rather than 404: unambiguous and de-indexed faster. Retain source files in git.",P1
https://panamarealestateguide.com/de/articles/panama-sim-card-guide.html,/de/articles/panama-sim-card-guide.html,de,articles,0,0,,Remove,410 Gone,,GSC 119d: 0 clicks / 0 impr,"Machine-translated duplicate. Verified safe to delete: Semrush Top Pages shows 0 referring domains on every deep URL (93 of 103 ref domains point at the root), so there is no page-level link equity to preserve. ES/DE/PT buying demand is negligible (Semrush PA db: 32 kws / 190 total vol) and these pages actively cannibalise their own English originals. All 405 earned 30 clicks in 119 days combined (~0.25/day). Use 410 rather than 404: unambiguous and de-indexed faster. Retain source files in git.",P1
https://panamarealestateguide.com/articles/panama-weather-guide.html,/articles/panama-weather-guide.html,en,articles,0,84,10.4,Consolidate,301,https://panamarealestateguide.com/articles/panama-weather-rainy-season-guide.html,GSC 119d: 0 clicks / 84 impr / avg pos 10.4,Confirmed cannibalisation — competes with the destination for the same query set. Merge unique passages into the destination and 301.,P1
https://panamarealestateguide.com/es/articles/panama-weather-guide.html,/es/articles/panama-weather-guide.html,es,articles,0,0,,Remove,410 Gone,,GSC 119d: 0 clicks / 0 impr,"Machine-translated duplicate. Verified safe to delete: Semrush Top Pages shows 0 referring domains on every deep URL (93 of 103 ref domains point at the root), so there is no page-level link equity to preserve. ES/DE/PT buying demand is negligible (Semrush PA db: 32 kws / 190 total vol) and these pages actively cannibalise their own English originals. All 405 earned 30 clicks in 119 days combined (~0.25/day). Use 410 rather than 404: unambiguous and de-indexed faster. Retain source files in git.",P1
https://panamarealestateguide.com/pt/articles/panama-weather-guide.html,/pt/articles/panama-weather-guide.html,pt,articles,0,0,,Remove,410 Gone,,GSC 119d: 0 clicks / 0 impr,"Machine-translated duplicate. Verified safe to delete: Semrush Top Pages shows 0 referring domains on every deep URL (93 of 103 ref domains point at the root), so there is no page-level link equity to preserve. ES/DE/PT buying demand is negligible (Semrush PA db: 32 kws / 190 total vol) and these pages actively cannibalise their own English originals. All 405 earned 30 clicks in 119 days combined (~0.25/day). Use 410 rather than 404: unambiguous and de-indexed faster. Retain source files in git.",P1
https://panamarealestateguide.com/de/articles/panama-weather-guide.html,/de/articles/panama-weather-guide.html,de,articles,0,0,,Remove,410 Gone,,GSC 119d: 0 clicks / 0 impr,"Machine-translated duplicate. Verified safe to delete: Semrush Top Pages shows 0 referring domains on every deep URL (93 of 103 ref domains point at the root), so there is no page-level link equity to preserve. ES/DE/PT buying demand is negligible (Semrush PA db: 32 kws / 190 total vol) and these pages actively cannibalise their own English originals. All 405 earned 30 clicks in 119 days combined (~0.25/day). Use 410 rather than 404: unambiguous and de-indexed faster. Retain source files in git.",P1
https://panamarealestateguide.com/articles/panama-weather-rainy-season-guide.html,/articles/panama-weather-rainy-season-guide.html,en,articles,1,288,6.2,Improve,rewrite in place,,GSC 119d: 1 clicks / 288 impr / avg pos 6.2,Has measurable impressions but weak position; a rewrite should convert impressions to clicks.,P2
https://panamarealestateguide.com/es/articles/panama-weather-rainy-season-guide.html,/es/articles/panama-weather-rainy-season-guide.html,es,articles,0,0,,Remove,410 Gone,,GSC 119d: 0 clicks / 0 impr,"Machine-translated duplicate. Verified safe to delete: Semrush Top Pages shows 0 referring domains on every deep URL (93 of 103 ref domains point at the root), so there is no page-level link equity to preserve. ES/DE/PT buying demand is negligible (Semrush PA db: 32 kws / 190 total vol) and these pages actively cannibalise their own English originals. All 405 earned 30 clicks in 119 days combined (~0.25/day). Use 410 rather than 404: unambiguous and de-indexed faster. Retain source files in git.",P1
https://panamarealestateguide.com/pt/articles/panama-weather-rainy-season-guide.html,/pt/articles/panama-weather-rainy-season-guide.html,pt,articles,0,0,,Remove,410 Gone,,GSC 119d: 0 clicks / 0 impr,"Machine-translated duplicate. Verified safe to delete: Semrush Top Pages shows 0 referring domains on every deep URL (93 of 103 ref domains point at the root), so there is no page-level link equity to preserve. ES/DE/PT buying demand is negligible (Semrush PA db: 32 kws / 190 total vol) and these pages actively cannibalise their own English originals. All 405 earned 30 clicks in 119 days combined (~0.25/day). Use 410 rather than 404: unambiguous and de-indexed faster. Retain source files in git.",P1
https://panamarealestateguide.com/de/articles/panama-weather-rainy-season-guide.html,/de/articles/panama-weather-rainy-season-guide.html,de,articles,0,0,,Remove,410 Gone,,GSC 119d: 0 clicks / 0 impr,"Machine-translated duplicate. Verified safe to delete: Semrush Top Pages shows 0 referring domains on every deep URL (93 of 103 ref domains point at the root), so there is no page-level link equity to preserve. ES/DE/PT buying demand is negligible (Semrush PA db: 32 kws / 190 total vol) and these pages actively cannibalise their own English originals. All 405 earned 30 clicks in 119 days combined (~0.25/day). Use 410 rather than 404: unambiguous and de-indexed faster. Retain source files in git.",P1
https://panamarealestateguide.com/articles/pros-cons-retiring-panama.html,/articles/pros-cons-retiring-panama.html,en,articles,0,39,13.5,Consolidate,301,https://panamarealestateguide.com/articles/retire-in-panama.html,GSC 119d: 0 clicks / 39 impr / avg pos 13.5,Confirmed cannibalisation — competes with the destination for the same query set. Merge unique passages into the destination and 301.,P1
https://panamarealestateguide.com/es/articles/pros-cons-retiring-panama.html,/es/articles/pros-cons-retiring-panama.html,es,articles,0,0,,Remove,410 Gone,,GSC 119d: 0 clicks / 0 impr,"Machine-translated duplicate. Verified safe to delete: Semrush Top Pages shows 0 referring domains on every deep URL (93 of 103 ref domains point at the root), so there is no page-level link equity to preserve. ES/DE/PT buying demand is negligible (Semrush PA db: 32 kws / 190 total vol) and these pages actively cannibalise their own English originals. All 405 earned 30 clicks in 119 days combined (~0.25/day). Use 410 rather than 404: unambiguous and de-indexed faster. Retain source files in git.",P1
https://panamarealestateguide.com/pt/articles/pros-cons-retiring-panama.html,/pt/articles/pros-cons-retiring-panama.html,pt,articles,0,0,,Remove,410 Gone,,GSC 119d: 0 clicks / 0 impr,"Machine-translated duplicate. Verified safe to delete: Semrush Top Pages shows 0 referring domains on every deep URL (93 of 103 ref domains point at the root), so there is no page-level link equity to preserve. ES/DE/PT buying demand is negligible (Semrush PA db: 32 kws / 190 total vol) and these pages actively cannibalise their own English originals. All 405 earned 30 clicks in 119 days combined (~0.25/day). Use 410 rather than 404: unambiguous and de-indexed faster. Retain source files in git.",P1
https://panamarealestateguide.com/de/articles/pros-cons-retiring-panama.html,/de/articles/pros-cons-retiring-panama.html,de,articles,0,0,,Remove,410 Gone,,GSC 119d: 0 clicks / 0 impr,"Machine-translated duplicate. Verified safe to delete: Semrush Top Pages shows 0 referring domains on every deep URL (93 of 103 ref domains point at the root), so there is no page-level link equity to preserve. ES/DE/PT buying demand is negligible (Semrush PA db: 32 kws / 190 total vol) and these pages actively cannibalise their own English originals. All 405 earned 30 clicks in 119 days combined (~0.25/day). Use 410 rather than 404: unambiguous and de-indexed faster. Retain source files in git.",P1
https://panamarealestateguide.com/articles/retire-in-panama.html,/articles/retire-in-panama.html,en,articles,0,63,50.3,Improve,rewrite in place,,GSC 119d: 0 clicks / 63 impr / avg pos 50.3,"Ranks 49-96 in Semrush US for keywords with KD 0-31. The gap is content depth and E-E-A-T, not competition. Highest-return work on the site.",P0
https://panamarealestateguide.com/es/articles/retire-in-panama.html,/es/articles/retire-in-panama.html,es,articles,0,0,,Remove,410 Gone,,GSC 119d: 0 clicks / 0 impr,"Machine-translated duplicate. Verified safe to delete: Semrush Top Pages shows 0 referring domains on every deep URL (93 of 103 ref domains point at the root), so there is no page-level link equity to preserve. ES/DE/PT buying demand is negligible (Semrush PA db: 32 kws / 190 total vol) and these pages actively cannibalise their own English originals. All 405 earned 30 clicks in 119 days combined (~0.25/day). Use 410 rather than 404: unambiguous and de-indexed faster. Retain source files in git.",P1
https://panamarealestateguide.com/pt/articles/retire-in-panama.html,/pt/articles/retire-in-panama.html,pt,articles,2,73,7.5,Remove,410 Gone,,GSC 119d: 2 clicks / 73 impr / avg pos 7.5,"Machine-translated duplicate. Verified safe to delete: Semrush Top Pages shows 0 referring domains on every deep URL (93 of 103 ref domains point at the root), so there is no page-level link equity to preserve. ES/DE/PT buying demand is negligible (Semrush PA db: 32 kws / 190 total vol) and these pages actively cannibalise their own English originals. All 405 earned 30 clicks in 119 days combined (~0.25/day). Use 410 rather than 404: unambiguous and de-indexed faster. Retain source files in git.",P1
https://panamarealestateguide.com/de/articles/retire-in-panama.html,/de/articles/retire-in-panama.html,de,articles,0,0,,Remove,410 Gone,,GSC 119d: 0 clicks / 0 impr,"Machine-translated duplicate. Verified safe to delete: Semrush Top Pages shows 0 referring domains on every deep URL (93 of 103 ref domains point at the root), so there is no page-level link equity to preserve. ES/DE/PT buying demand is negligible (Semrush PA db: 32 kws / 190 total vol) and these pages actively cannibalise their own English originals. All 405 earned 30 clicks in 119 days combined (~0.25/day). Use 410 rather than 404: unambiguous and de-indexed faster. Retain source files in git.",P1
https://panamarealestateguide.com/articles/safety-in-panama-2026-real-data-rumors.html,/articles/safety-in-panama-2026-real-data-rumors.html,en,articles,0,86,7.5,Improve,rewrite in place,,GSC 119d: 0 clicks / 86 impr / avg pos 7.5,"Ranks 49-96 in Semrush US for keywords with KD 0-31. The gap is content depth and E-E-A-T, not competition. Highest-return work on the site.",P0
https://panamarealestateguide.com/es/articles/safety-in-panama-2026-real-data-rumors.html,/es/articles/safety-in-panama-2026-real-data-rumors.html,es,articles,0,0,,Remove,410 Gone,,GSC 119d: 0 clicks / 0 impr,"Machine-translated duplicate. Verified safe to delete: Semrush Top Pages shows 0 referring domains on every deep URL (93 of 103 ref domains point at the root), so there is no page-level link equity to preserve. ES/DE/PT buying demand is negligible (Semrush PA db: 32 kws / 190 total vol) and these pages actively cannibalise their own English originals. All 405 earned 30 clicks in 119 days combined (~0.25/day). Use 410 rather than 404: unambiguous and de-indexed faster. Retain source files in git.",P1
https://panamarealestateguide.com/pt/articles/safety-in-panama-2026-real-data-rumors.html,/pt/articles/safety-in-panama-2026-real-data-rumors.html,pt,articles,0,0,,Remove,410 Gone,,GSC 119d: 0 clicks / 0 impr,"Machine-translated duplicate. Verified safe to delete: Semrush Top Pages shows 0 referring domains on every deep URL (93 of 103 ref domains point at the root), so there is no page-level link equity to preserve. ES/DE/PT buying demand is negligible (Semrush PA db: 32 kws / 190 total vol) and these pages actively cannibalise their own English originals. All 405 earned 30 clicks in 119 days combined (~0.25/day). Use 410 rather than 404: unambiguous and de-indexed faster. Retain source files in git.",P1
https://panamarealestateguide.com/de/articles/safety-in-panama-2026-real-data-rumors.html,/de/articles/safety-in-panama-2026-real-data-rumors.html,de,articles,0,0,,Remove,410 Gone,,GSC 119d: 0 clicks / 0 impr,"Machine-translated duplicate. Verified safe to delete: Semrush Top Pages shows 0 referring domains on every deep URL (93 of 103 ref domains point at the root), so there is no page-level link equity to preserve. ES/DE/PT buying demand is negligible (Semrush PA db: 32 kws / 190 total vol) and these pages actively cannibalise their own English originals. All 405 earned 30 clicks in 119 days combined (~0.25/day). Use 410 rather than 404: unambiguous and de-indexed faster. Retain source files in git.",P1
https://panamarealestateguide.com/articles/supermarkets-shopping-panama-expats.html,/articles/supermarkets-shopping-panama-expats.html,en,articles,0,19,5.9,Keep,no change,,GSC 119d: 0 clicks / 19 impr / avg pos 5.9,Low signal but topically relevant and contributes internal-link/topical-authority value. Do not delete on zero traffic alone.,P3
https://panamarealestateguide.com/es/articles/supermarkets-shopping-panama-expats.html,/es/articles/supermarkets-shopping-panama-expats.html,es,articles,1,31,10.8,Remove,410 Gone,,GSC 119d: 1 clicks / 31 impr / avg pos 10.8,"Machine-translated duplicate. Verified safe to delete: Semrush Top Pages shows 0 referring domains on every deep URL (93 of 103 ref domains point at the root), so there is no page-level link equity to preserve. ES/DE/PT buying demand is negligible (Semrush PA db: 32 kws / 190 total vol) and these pages actively cannibalise their own English originals. All 405 earned 30 clicks in 119 days combined (~0.25/day). Use 410 rather than 404: unambiguous and de-indexed faster. Retain source files in git.",P1
https://panamarealestateguide.com/pt/articles/supermarkets-shopping-panama-expats.html,/pt/articles/supermarkets-shopping-panama-expats.html,pt,articles,0,0,,Remove,410 Gone,,GSC 119d: 0 clicks / 0 impr,"Machine-translated duplicate. Verified safe to delete: Semrush Top Pages shows 0 referring domains on every deep URL (93 of 103 ref domains point at the root), so there is no page-level link equity to preserve. ES/DE/PT buying demand is negligible (Semrush PA db: 32 kws / 190 total vol) and these pages actively cannibalise their own English originals. All 405 earned 30 clicks in 119 days combined (~0.25/day). Use 410 rather than 404: unambiguous and de-indexed faster. Retain source files in git.",P1
https://panamarealestateguide.com/de/articles/supermarkets-shopping-panama-expats.html,/de/articles/supermarkets-shopping-panama-expats.html,de,articles,0,0,,Remove,410 Gone,,GSC 119d: 0 clicks / 0 impr,"Machine-translated duplicate. Verified safe to delete: Semrush Top Pages shows 0 referring domains on every deep URL (93 of 103 ref domains point at the root), so there is no page-level link equity to preserve. ES/DE/PT buying demand is negligible (Semrush PA db: 32 kws / 190 total vol) and these pages actively cannibalise their own English originals. All 405 earned 30 clicks in 119 days combined (~0.25/day). Use 410 rather than 404: unambiguous and de-indexed faster. Retain source files in git.",P1
https://panamarealestateguide.com/articles/things-to-do-in-panama.html,/articles/things-to-do-in-panama.html,en,articles,0,7,27.7,Keep,no change,,GSC 119d: 0 clicks / 7 impr / avg pos 27.7,Low signal but topically relevant and contributes internal-link/topical-authority value. Do not delete on zero traffic alone.,P3
https://panamarealestateguide.com/es/articles/things-to-do-in-panama.html,/es/articles/things-to-do-in-panama.html,es,articles,0,0,,Remove,410 Gone,,GSC 119d: 0 clicks / 0 impr,"Machine-translated duplicate. Verified safe to delete: Semrush Top Pages shows 0 referring domains on every deep URL (93 of 103 ref domains point at the root), so there is no page-level link equity to preserve. ES/DE/PT buying demand is negligible (Semrush PA db: 32 kws / 190 total vol) and these pages actively cannibalise their own English originals. All 405 earned 30 clicks in 119 days combined (~0.25/day). Use 410 rather than 404: unambiguous and de-indexed faster. Retain source files in git.",P1
https://panamarealestateguide.com/pt/articles/things-to-do-in-panama.html,/pt/articles/things-to-do-in-panama.html,pt,articles,0,0,,Remove,410 Gone,,GSC 119d: 0 clicks / 0 impr,"Machine-translated duplicate. Verified safe to delete: Semrush Top Pages shows 0 referring domains on every deep URL (93 of 103 ref domains point at the root), so there is no page-level link equity to preserve. ES/DE/PT buying demand is negligible (Semrush PA db: 32 kws / 190 total vol) and these pages actively cannibalise their own English originals. All 405 earned 30 clicks in 119 days combined (~0.25/day). Use 410 rather than 404: unambiguous and de-indexed faster. Retain source files in git.",P1
https://panamarealestateguide.com/de/articles/things-to-do-in-panama.html,/de/articles/things-to-do-in-panama.html,de,articles,0,0,,Remove,410 Gone,,GSC 119d: 0 clicks / 0 impr,"Machine-translated duplicate. Verified safe to delete: Semrush Top Pages shows 0 referring domains on every deep URL (93 of 103 ref domains point at the root), so there is no page-level link equity to preserve. ES/DE/PT buying demand is negligible (Semrush PA db: 32 kws / 190 total vol) and these pages actively cannibalise their own English originals. All 405 earned 30 clicks in 119 days combined (~0.25/day). Use 410 rather than 404: unambiguous and de-indexed faster. Retain source files in git.",P1
https://panamarealestateguide.com/articles/why-expats-leave-panama-2-years.html,/articles/why-expats-leave-panama-2-years.html,en,articles,1,33,7.4,Improve,rewrite in place,,GSC 119d: 1 clicks / 33 impr / avg pos 7.4,Has measurable impressions but weak position; a rewrite should convert impressions to clicks.,P2
https://panamarealestateguide.com/es/articles/why-expats-leave-panama-2-years.html,/es/articles/why-expats-leave-panama-2-years.html,es,articles,0,0,,Remove,410 Gone,,GSC 119d: 0 clicks / 0 impr,"Machine-translated duplicate. Verified safe to delete: Semrush Top Pages shows 0 referring domains on every deep URL (93 of 103 ref domains point at the root), so there is no page-level link equity to preserve. ES/DE/PT buying demand is negligible (Semrush PA db: 32 kws / 190 total vol) and these pages actively cannibalise their own English originals. All 405 earned 30 clicks in 119 days combined (~0.25/day). Use 410 rather than 404: unambiguous and de-indexed faster. Retain source files in git.",P1
https://panamarealestateguide.com/pt/articles/why-expats-leave-panama-2-years.html,/pt/articles/why-expats-leave-panama-2-years.html,pt,articles,0,0,,Remove,410 Gone,,GSC 119d: 0 clicks / 0 impr,"Machine-translated duplicate. Verified safe to delete: Semrush Top Pages shows 0 referring domains on every deep URL (93 of 103 ref domains point at the root), so there is no page-level link equity to preserve. ES/DE/PT buying demand is negligible (Semrush PA db: 32 kws / 190 total vol) and these pages actively cannibalise their own English originals. All 405 earned 30 clicks in 119 days combined (~0.25/day). Use 410 rather than 404: unambiguous and de-indexed faster. Retain source files in git.",P1
https://panamarealestateguide.com/de/articles/why-expats-leave-panama-2-years.html,/de/articles/why-expats-leave-panama-2-years.html,de,articles,0,0,,Remove,410 Gone,,GSC 119d: 0 clicks / 0 impr,"Machine-translated duplicate. Verified safe to delete: Semrush Top Pages shows 0 referring domains on every deep URL (93 of 103 ref domains point at the root), so there is no page-level link equity to preserve. ES/DE/PT buying demand is negligible (Semrush PA db: 32 kws / 190 total vol) and these pages actively cannibalise their own English originals. All 405 earned 30 clicks in 119 days combined (~0.25/day). Use 410 rather than 404: unambiguous and de-indexed faster. Retain source files in git.",P1
https://panamarealestateguide.com/articles/panama-vs-belize-retirement.html,/articles/panama-vs-belize-retirement.html,en,articles,3,141,9.0,Improve,rewrite in place,,GSC 119d: 3 clicks / 141 impr / avg pos 9.0,Has measurable impressions but weak position; a rewrite should convert impressions to clicks.,P2
https://panamarealestateguide.com/es/articles/panama-vs-belize-retirement.html,/es/articles/panama-vs-belize-retirement.html,es,articles,0,0,,Remove,410 Gone,,GSC 119d: 0 clicks / 0 impr,"Machine-translated duplicate. Verified safe to delete: Semrush Top Pages shows 0 referring domains on every deep URL (93 of 103 ref domains point at the root), so there is no page-level link equity to preserve. ES/DE/PT buying demand is negligible (Semrush PA db: 32 kws / 190 total vol) and these pages actively cannibalise their own English originals. All 405 earned 30 clicks in 119 days combined (~0.25/day). Use 410 rather than 404: unambiguous and de-indexed faster. Retain source files in git.",P1
https://panamarealestateguide.com/pt/articles/panama-vs-belize-retirement.html,/pt/articles/panama-vs-belize-retirement.html,pt,articles,0,0,,Remove,410 Gone,,GSC 119d: 0 clicks / 0 impr,"Machine-translated duplicate. Verified safe to delete: Semrush Top Pages shows 0 referring domains on every deep URL (93 of 103 ref domains point at the root), so there is no page-level link equity to preserve. ES/DE/PT buying demand is negligible (Semrush PA db: 32 kws / 190 total vol) and these pages actively cannibalise their own English originals. All 405 earned 30 clicks in 119 days combined (~0.25/day). Use 410 rather than 404: unambiguous and de-indexed faster. Retain source files in git.",P1
https://panamarealestateguide.com/de/articles/panama-vs-belize-retirement.html,/de/articles/panama-vs-belize-retirement.html,de,articles,0,0,,Remove,410 Gone,,GSC 119d: 0 clicks / 0 impr,"Machine-translated duplicate. Verified safe to delete: Semrush Top Pages shows 0 referring domains on every deep URL (93 of 103 ref domains point at the root), so there is no page-level link equity to preserve. ES/DE/PT buying demand is negligible (Semrush PA db: 32 kws / 190 total vol) and these pages actively cannibalise their own English originals. All 405 earned 30 clicks in 119 days combined (~0.25/day). Use 410 rather than 404: unambiguous and de-indexed faster. Retain source files in git.",P1
https://panamarealestateguide.com/articles/panama-vs-colombia-retirement.html,/articles/panama-vs-colombia-retirement.html,en,articles,0,22,10.5,Keep,no change,,GSC 119d: 0 clicks / 22 impr / avg pos 10.5,Low signal but topically relevant and contributes internal-link/topical-authority value. Do not delete on zero traffic alone.,P3
https://panamarealestateguide.com/es/articles/panama-vs-colombia-retirement.html,/es/articles/panama-vs-colombia-retirement.html,es,articles,0,0,,Remove,410 Gone,,GSC 119d: 0 clicks / 0 impr,"Machine-translated duplicate. Verified safe to delete: Semrush Top Pages shows 0 referring domains on every deep URL (93 of 103 ref domains point at the root), so there is no page-level link equity to preserve. ES/DE/PT buying demand is negligible (Semrush PA db: 32 kws / 190 total vol) and these pages actively cannibalise their own English originals. All 405 earned 30 clicks in 119 days combined (~0.25/day). Use 410 rather than 404: unambiguous and de-indexed faster. Retain source files in git.",P1
https://panamarealestateguide.com/pt/articles/panama-vs-colombia-retirement.html,/pt/articles/panama-vs-colombia-retirement.html,pt,articles,0,0,,Remove,410 Gone,,GSC 119d: 0 clicks / 0 impr,"Machine-translated duplicate. Verified safe to delete: Semrush Top Pages shows 0 referring domains on every deep URL (93 of 103 ref domains point at the root), so there is no page-level link equity to preserve. ES/DE/PT buying demand is negligible (Semrush PA db: 32 kws / 190 total vol) and these pages actively cannibalise their own English originals. All 405 earned 30 clicks in 119 days combined (~0.25/day). Use 410 rather than 404: unambiguous and de-indexed faster. Retain source files in git.",P1
https://panamarealestateguide.com/de/articles/panama-vs-colombia-retirement.html,/de/articles/panama-vs-colombia-retirement.html,de,articles,1,1,2.0,Remove,410 Gone,,GSC 119d: 1 clicks / 1 impr / avg pos 2.0,"Machine-translated duplicate. Verified safe to delete: Semrush Top Pages shows 0 referring domains on every deep URL (93 of 103 ref domains point at the root), so there is no page-level link equity to preserve. ES/DE/PT buying demand is negligible (Semrush PA db: 32 kws / 190 total vol) and these pages actively cannibalise their own English originals. All 405 earned 30 clicks in 119 days combined (~0.25/day). Use 410 rather than 404: unambiguous and de-indexed faster. Retain source files in git.",P1
https://panamarealestateguide.com/articles/panama-vs-costa-rica-retirement.html,/articles/panama-vs-costa-rica-retirement.html,en,articles,0,110,25.8,Improve,rewrite in place,,GSC 119d: 0 clicks / 110 impr / avg pos 25.8,Has measurable impressions but weak position; a rewrite should convert impressions to clicks.,P2
https://panamarealestateguide.com/es/articles/panama-vs-costa-rica-retirement.html,/es/articles/panama-vs-costa-rica-retirement.html,es,articles,1,35,6.2,Remove,410 Gone,,GSC 119d: 1 clicks / 35 impr / avg pos 6.2,"Machine-translated duplicate. Verified safe to delete: Semrush Top Pages shows 0 referring domains on every deep URL (93 of 103 ref domains point at the root), so there is no page-level link equity to preserve. ES/DE/PT buying demand is negligible (Semrush PA db: 32 kws / 190 total vol) and these pages actively cannibalise their own English originals. All 405 earned 30 clicks in 119 days combined (~0.25/day). Use 410 rather than 404: unambiguous and de-indexed faster. Retain source files in git.",P1
https://panamarealestateguide.com/pt/articles/panama-vs-costa-rica-retirement.html,/pt/articles/panama-vs-costa-rica-retirement.html,pt,articles,2,13,21.4,Remove,410 Gone,,GSC 119d: 2 clicks / 13 impr / avg pos 21.4,"Machine-translated duplicate. Verified safe to delete: Semrush Top Pages shows 0 referring domains on every deep URL (93 of 103 ref domains point at the root), so there is no page-level link equity to preserve. ES/DE/PT buying demand is negligible (Semrush PA db: 32 kws / 190 total vol) and these pages actively cannibalise their own English originals. All 405 earned 30 clicks in 119 days combined (~0.25/day). Use 410 rather than 404: unambiguous and de-indexed faster. Retain source files in git.",P1
https://panamarealestateguide.com/de/articles/panama-vs-costa-rica-retirement.html,/de/articles/panama-vs-costa-rica-retirement.html,de,articles,0,0,,Remove,410 Gone,,GSC 119d: 0 clicks / 0 impr,"Machine-translated duplicate. Verified safe to delete: Semrush Top Pages shows 0 referring domains on every deep URL (93 of 103 ref domains point at the root), so there is no page-level link equity to preserve. ES/DE/PT buying demand is negligible (Semrush PA db: 32 kws / 190 total vol) and these pages actively cannibalise their own English originals. All 405 earned 30 clicks in 119 days combined (~0.25/day). Use 410 rather than 404: unambiguous and de-indexed faster. Retain source files in git.",P1
https://panamarealestateguide.com/articles/panama-vs-mexico-retirement.html,/articles/panama-vs-mexico-retirement.html,en,articles,0,24,8.6,Keep,no change,,GSC 119d: 0 clicks / 24 impr / avg pos 8.6,Low signal but topically relevant and contributes internal-link/topical-authority value. Do not delete on zero traffic alone.,P3
https://panamarealestateguide.com/es/articles/panama-vs-mexico-retirement.html,/es/articles/panama-vs-mexico-retirement.html,es,articles,0,0,,Remove,410 Gone,,GSC 119d: 0 clicks / 0 impr,"Machine-translated duplicate. Verified safe to delete: Semrush Top Pages shows 0 referring domains on every deep URL (93 of 103 ref domains point at the root), so there is no page-level link equity to preserve. ES/DE/PT buying demand is negligible (Semrush PA db: 32 kws / 190 total vol) and these pages actively cannibalise their own English originals. All 405 earned 30 clicks in 119 days combined (~0.25/day). Use 410 rather than 404: unambiguous and de-indexed faster. Retain source files in git.",P1
https://panamarealestateguide.com/pt/articles/panama-vs-mexico-retirement.html,/pt/articles/panama-vs-mexico-retirement.html,pt,articles,0,0,,Remove,410 Gone,,GSC 119d: 0 clicks / 0 impr,"Machine-translated duplicate. Verified safe to delete: Semrush Top Pages shows 0 referring domains on every deep URL (93 of 103 ref domains point at the root), so there is no page-level link equity to preserve. ES/DE/PT buying demand is negligible (Semrush PA db: 32 kws / 190 total vol) and these pages actively cannibalise their own English originals. All 405 earned 30 clicks in 119 days combined (~0.25/day). Use 410 rather than 404: unambiguous and de-indexed faster. Retain source files in git.",P1
https://panamarealestateguide.com/de/articles/panama-vs-mexico-retirement.html,/de/articles/panama-vs-mexico-retirement.html,de,articles,0,0,,Remove,410 Gone,,GSC 119d: 0 clicks / 0 impr,"Machine-translated duplicate. Verified safe to delete: Semrush Top Pages shows 0 referring domains on every deep URL (93 of 103 ref domains point at the root), so there is no page-level link equity to preserve. ES/DE/PT buying demand is negligible (Semrush PA db: 32 kws / 190 total vol) and these pages actively cannibalise their own English originals. All 405 earned 30 clicks in 119 days combined (~0.25/day). Use 410 rather than 404: unambiguous and de-indexed faster. Retain source files in git.",P1
https://panamarealestateguide.com/articles/panama-vs-portugal-retirement.html,/articles/panama-vs-portugal-retirement.html,en,articles,0,28,9.5,Keep,no change,,GSC 119d: 0 clicks / 28 impr / avg pos 9.5,Low signal but topically relevant and contributes internal-link/topical-authority value. Do not delete on zero traffic alone.,P3
https://panamarealestateguide.com/es/articles/panama-vs-portugal-retirement.html,/es/articles/panama-vs-portugal-retirement.html,es,articles,0,0,,Remove,410 Gone,,GSC 119d: 0 clicks / 0 impr,"Machine-translated duplicate. Verified safe to delete: Semrush Top Pages shows 0 referring domains on every deep URL (93 of 103 ref domains point at the root), so there is no page-level link equity to preserve. ES/DE/PT buying demand is negligible (Semrush PA db: 32 kws / 190 total vol) and these pages actively cannibalise their own English originals. All 405 earned 30 clicks in 119 days combined (~0.25/day). Use 410 rather than 404: unambiguous and de-indexed faster. Retain source files in git.",P1
https://panamarealestateguide.com/pt/articles/panama-vs-portugal-retirement.html,/pt/articles/panama-vs-portugal-retirement.html,pt,articles,0,0,,Remove,410 Gone,,GSC 119d: 0 clicks / 0 impr,"Machine-translated duplicate. Verified safe to delete: Semrush Top Pages shows 0 referring domains on every deep URL (93 of 103 ref domains point at the root), so there is no page-level link equity to preserve. ES/DE/PT buying demand is negligible (Semrush PA db: 32 kws / 190 total vol) and these pages actively cannibalise their own English originals. All 405 earned 30 clicks in 119 days combined (~0.25/day). Use 410 rather than 404: unambiguous and de-indexed faster. Retain source files in git.",P1
https://panamarealestateguide.com/de/articles/panama-vs-portugal-retirement.html,/de/articles/panama-vs-portugal-retirement.html,de,articles,0,0,,Remove,410 Gone,,GSC 119d: 0 clicks / 0 impr,"Machine-translated duplicate. Verified safe to delete: Semrush Top Pages shows 0 referring domains on every deep URL (93 of 103 ref domains point at the root), so there is no page-level link equity to preserve. ES/DE/PT buying demand is negligible (Semrush PA db: 32 kws / 190 total vol) and these pages actively cannibalise their own English originals. All 405 earned 30 clicks in 119 days combined (~0.25/day). Use 410 rather than 404: unambiguous and de-indexed faster. Retain source files in git.",P1
https://panamarealestateguide.com/articles/panama-vs-spain-retirement.html,/articles/panama-vs-spain-retirement.html,en,articles,0,7,7.1,Keep,no change,,GSC 119d: 0 clicks / 7 impr / avg pos 7.1,Low signal but topically relevant and contributes internal-link/topical-authority value. Do not delete on zero traffic alone.,P3
https://panamarealestateguide.com/es/articles/panama-vs-spain-retirement.html,/es/articles/panama-vs-spain-retirement.html,es,articles,1,27,7.3,Remove,410 Gone,,GSC 119d: 1 clicks / 27 impr / avg pos 7.3,"Machine-translated duplicate. Verified safe to delete: Semrush Top Pages shows 0 referring domains on every deep URL (93 of 103 ref domains point at the root), so there is no page-level link equity to preserve. ES/DE/PT buying demand is negligible (Semrush PA db: 32 kws / 190 total vol) and these pages actively cannibalise their own English originals. All 405 earned 30 clicks in 119 days combined (~0.25/day). Use 410 rather than 404: unambiguous and de-indexed faster. Retain source files in git.",P1
https://panamarealestateguide.com/pt/articles/panama-vs-spain-retirement.html,/pt/articles/panama-vs-spain-retirement.html,pt,articles,0,0,,Remove,410 Gone,,GSC 119d: 0 clicks / 0 impr,"Machine-translated duplicate. Verified safe to delete: Semrush Top Pages shows 0 referring domains on every deep URL (93 of 103 ref domains point at the root), so there is no page-level link equity to preserve. ES/DE/PT buying demand is negligible (Semrush PA db: 32 kws / 190 total vol) and these pages actively cannibalise their own English originals. All 405 earned 30 clicks in 119 days combined (~0.25/day). Use 410 rather than 404: unambiguous and de-indexed faster. Retain source files in git.",P1
https://panamarealestateguide.com/de/articles/panama-vs-spain-retirement.html,/de/articles/panama-vs-spain-retirement.html,de,articles,0,0,,Remove,410 Gone,,GSC 119d: 0 clicks / 0 impr,"Machine-translated duplicate. Verified safe to delete: Semrush Top Pages shows 0 referring domains on every deep URL (93 of 103 ref domains point at the root), so there is no page-level link equity to preserve. ES/DE/PT buying demand is negligible (Semrush PA db: 32 kws / 190 total vol) and these pages actively cannibalise their own English originals. All 405 earned 30 clicks in 119 days combined (~0.25/day). Use 410 rather than 404: unambiguous and de-indexed faster. Retain source files in git.",P1
https://panamarealestateguide.com/projects/allure-punta-pacifica.html,/projects/allure-punta-pacifica.html,en,projects,0,6,19.0,Improve,rewrite in place,,GSC 119d: 0 clicks / 6 impr / avg pos 19.0,"Developer project page — highest commercial intent on the site and the natural lead capture surface. Currently thin. Rebuild to the project template with verified pricing, titled-land status and first-hand photography.",P1
https://panamarealestateguide.com/es/projects/allure-punta-pacifica.html,/es/projects/allure-punta-pacifica.html,es,projects,0,0,,Remove,410 Gone,,GSC 119d: 0 clicks / 0 impr,"Machine-translated duplicate. Verified safe to delete: Semrush Top Pages shows 0 referring domains on every deep URL (93 of 103 ref domains point at the root), so there is no page-level link equity to preserve. ES/DE/PT buying demand is negligible (Semrush PA db: 32 kws / 190 total vol) and these pages actively cannibalise their own English originals. All 405 earned 30 clicks in 119 days combined (~0.25/day). Use 410 rather than 404: unambiguous and de-indexed faster. Retain source files in git.",P1
https://panamarealestateguide.com/pt/projects/allure-punta-pacifica.html,/pt/projects/allure-punta-pacifica.html,pt,projects,0,0,,Remove,410 Gone,,GSC 119d: 0 clicks / 0 impr,"Machine-translated duplicate. Verified safe to delete: Semrush Top Pages shows 0 referring domains on every deep URL (93 of 103 ref domains point at the root), so there is no page-level link equity to preserve. ES/DE/PT buying demand is negligible (Semrush PA db: 32 kws / 190 total vol) and these pages actively cannibalise their own English originals. All 405 earned 30 clicks in 119 days combined (~0.25/day). Use 410 rather than 404: unambiguous and de-indexed faster. Retain source files in git.",P1
https://panamarealestateguide.com/de/projects/allure-punta-pacifica.html,/de/projects/allure-punta-pacifica.html,de,projects,0,0,,Remove,410 Gone,,GSC 119d: 0 clicks / 0 impr,"Machine-translated duplicate. Verified safe to delete: Semrush Top Pages shows 0 referring domains on every deep URL (93 of 103 ref domains point at the root), so there is no page-level link equity to preserve. ES/DE/PT buying demand is negligible (Semrush PA db: 32 kws / 190 total vol) and these pages actively cannibalise their own English originals. All 405 earned 30 clicks in 119 days combined (~0.25/day). Use 410 rather than 404: unambiguous and de-indexed faster. Retain source files in git.",P1
https://panamarealestateguide.com/projects/altos-del-maria.html,/projects/altos-del-maria.html,en,projects,0,0,,Improve,rewrite in place,,GSC 119d: 0 clicks / 0 impr,"Developer project page — highest commercial intent on the site and the natural lead capture surface. Currently thin. Rebuild to the project template with verified pricing, titled-land status and first-hand photography.",P1
https://panamarealestateguide.com/es/projects/altos-del-maria.html,/es/projects/altos-del-maria.html,es,projects,0,0,,Remove,410 Gone,,GSC 119d: 0 clicks / 0 impr,"Machine-translated duplicate. Verified safe to delete: Semrush Top Pages shows 0 referring domains on every deep URL (93 of 103 ref domains point at the root), so there is no page-level link equity to preserve. ES/DE/PT buying demand is negligible (Semrush PA db: 32 kws / 190 total vol) and these pages actively cannibalise their own English originals. All 405 earned 30 clicks in 119 days combined (~0.25/day). Use 410 rather than 404: unambiguous and de-indexed faster. Retain source files in git.",P1
https://panamarealestateguide.com/pt/projects/altos-del-maria.html,/pt/projects/altos-del-maria.html,pt,projects,0,0,,Remove,410 Gone,,GSC 119d: 0 clicks / 0 impr,"Machine-translated duplicate. Verified safe to delete: Semrush Top Pages shows 0 referring domains on every deep URL (93 of 103 ref domains point at the root), so there is no page-level link equity to preserve. ES/DE/PT buying demand is negligible (Semrush PA db: 32 kws / 190 total vol) and these pages actively cannibalise their own English originals. All 405 earned 30 clicks in 119 days combined (~0.25/day). Use 410 rather than 404: unambiguous and de-indexed faster. Retain source files in git.",P1
https://panamarealestateguide.com/de/projects/altos-del-maria.html,/de/projects/altos-del-maria.html,de,projects,0,0,,Remove,410 Gone,,GSC 119d: 0 clicks / 0 impr,"Machine-translated duplicate. Verified safe to delete: Semrush Top Pages shows 0 referring domains on every deep URL (93 of 103 ref domains point at the root), so there is no page-level link equity to preserve. ES/DE/PT buying demand is negligible (Semrush PA db: 32 kws / 190 total vol) and these pages actively cannibalise their own English originals. All 405 earned 30 clicks in 119 days combined (~0.25/day). Use 410 rather than 404: unambiguous and de-indexed faster. Retain source files in git.",P1
https://panamarealestateguide.com/projects/bioma-costa-del-este.html,/projects/bioma-costa-del-este.html,en,projects,0,5,45.8,Improve,rewrite in place,,GSC 119d: 0 clicks / 5 impr / avg pos 45.8,"Developer project page — highest commercial intent on the site and the natural lead capture surface. Currently thin. Rebuild to the project template with verified pricing, titled-land status and first-hand photography.",P1
https://panamarealestateguide.com/es/projects/bioma-costa-del-este.html,/es/projects/bioma-costa-del-este.html,es,projects,0,0,,Remove,410 Gone,,GSC 119d: 0 clicks / 0 impr,"Machine-translated duplicate. Verified safe to delete: Semrush Top Pages shows 0 referring domains on every deep URL (93 of 103 ref domains point at the root), so there is no page-level link equity to preserve. ES/DE/PT buying demand is negligible (Semrush PA db: 32 kws / 190 total vol) and these pages actively cannibalise their own English originals. All 405 earned 30 clicks in 119 days combined (~0.25/day). Use 410 rather than 404: unambiguous and de-indexed faster. Retain source files in git.",P1
https://panamarealestateguide.com/pt/projects/bioma-costa-del-este.html,/pt/projects/bioma-costa-del-este.html,pt,projects,0,0,,Remove,410 Gone,,GSC 119d: 0 clicks / 0 impr,"Machine-translated duplicate. Verified safe to delete: Semrush Top Pages shows 0 referring domains on every deep URL (93 of 103 ref domains point at the root), so there is no page-level link equity to preserve. ES/DE/PT buying demand is negligible (Semrush PA db: 32 kws / 190 total vol) and these pages actively cannibalise their own English originals. All 405 earned 30 clicks in 119 days combined (~0.25/day). Use 410 rather than 404: unambiguous and de-indexed faster. Retain source files in git.",P1
https://panamarealestateguide.com/de/projects/bioma-costa-del-este.html,/de/projects/bioma-costa-del-este.html,de,projects,0,0,,Remove,410 Gone,,GSC 119d: 0 clicks / 0 impr,"Machine-translated duplicate. Verified safe to delete: Semrush Top Pages shows 0 referring domains on every deep URL (93 of 103 ref domains point at the root), so there is no page-level link equity to preserve. ES/DE/PT buying demand is negligible (Semrush PA db: 32 kws / 190 total vol) and these pages actively cannibalise their own English originals. All 405 earned 30 clicks in 119 days combined (~0.25/day). Use 410 rather than 404: unambiguous and de-indexed faster. Retain source files in git.",P1
https://panamarealestateguide.com/projects/buenaventura-resort-cocle.html,/projects/buenaventura-resort-cocle.html,en,projects,0,0,,Improve,rewrite in place,,GSC 119d: 0 clicks / 0 impr,"Developer project page — highest commercial intent on the site and the natural lead capture surface. Currently thin. Rebuild to the project template with verified pricing, titled-land status and first-hand photography.",P1
https://panamarealestateguide.com/es/projects/buenaventura-resort-cocle.html,/es/projects/buenaventura-resort-cocle.html,es,projects,0,0,,Remove,410 Gone,,GSC 119d: 0 clicks / 0 impr,"Machine-translated duplicate. Verified safe to delete: Semrush Top Pages shows 0 referring domains on every deep URL (93 of 103 ref domains point at the root), so there is no page-level link equity to preserve. ES/DE/PT buying demand is negligible (Semrush PA db: 32 kws / 190 total vol) and these pages actively cannibalise their own English originals. All 405 earned 30 clicks in 119 days combined (~0.25/day). Use 410 rather than 404: unambiguous and de-indexed faster. Retain source files in git.",P1
https://panamarealestateguide.com/pt/projects/buenaventura-resort-cocle.html,/pt/projects/buenaventura-resort-cocle.html,pt,projects,0,0,,Remove,410 Gone,,GSC 119d: 0 clicks / 0 impr,"Machine-translated duplicate. Verified safe to delete: Semrush Top Pages shows 0 referring domains on every deep URL (93 of 103 ref domains point at the root), so there is no page-level link equity to preserve. ES/DE/PT buying demand is negligible (Semrush PA db: 32 kws / 190 total vol) and these pages actively cannibalise their own English originals. All 405 earned 30 clicks in 119 days combined (~0.25/day). Use 410 rather than 404: unambiguous and de-indexed faster. Retain source files in git.",P1
https://panamarealestateguide.com/de/projects/buenaventura-resort-cocle.html,/de/projects/buenaventura-resort-cocle.html,de,projects,0,0,,Remove,410 Gone,,GSC 119d: 0 clicks / 0 impr,"Machine-translated duplicate. Verified safe to delete: Semrush Top Pages shows 0 referring domains on every deep URL (93 of 103 ref domains point at the root), so there is no page-level link equity to preserve. ES/DE/PT buying demand is negligible (Semrush PA db: 32 kws / 190 total vol) and these pages actively cannibalise their own English originals. All 405 earned 30 clicks in 119 days combined (~0.25/day). Use 410 rather than 404: unambiguous and de-indexed faster. Retain source files in git.",P1
https://panamarealestateguide.com/projects/cavarossa-amador.html,/projects/cavarossa-amador.html,en,projects,0,7,5.9,Improve,rewrite in place,,GSC 119d: 0 clicks / 7 impr / avg pos 5.9,"Developer project page — highest commercial intent on the site and the natural lead capture surface. Currently thin. Rebuild to the project template with verified pricing, titled-land status and first-hand photography.",P1
https://panamarealestateguide.com/es/projects/cavarossa-amador.html,/es/projects/cavarossa-amador.html,es,projects,0,0,,Remove,410 Gone,,GSC 119d: 0 clicks / 0 impr,"Machine-translated duplicate. Verified safe to delete: Semrush Top Pages shows 0 referring domains on every deep URL (93 of 103 ref domains point at the root), so there is no page-level link equity to preserve. ES/DE/PT buying demand is negligible (Semrush PA db: 32 kws / 190 total vol) and these pages actively cannibalise their own English originals. All 405 earned 30 clicks in 119 days combined (~0.25/day). Use 410 rather than 404: unambiguous and de-indexed faster. Retain source files in git.",P1
https://panamarealestateguide.com/pt/projects/cavarossa-amador.html,/pt/projects/cavarossa-amador.html,pt,projects,0,0,,Remove,410 Gone,,GSC 119d: 0 clicks / 0 impr,"Machine-translated duplicate. Verified safe to delete: Semrush Top Pages shows 0 referring domains on every deep URL (93 of 103 ref domains point at the root), so there is no page-level link equity to preserve. ES/DE/PT buying demand is negligible (Semrush PA db: 32 kws / 190 total vol) and these pages actively cannibalise their own English originals. All 405 earned 30 clicks in 119 days combined (~0.25/day). Use 410 rather than 404: unambiguous and de-indexed faster. Retain source files in git.",P1
https://panamarealestateguide.com/de/projects/cavarossa-amador.html,/de/projects/cavarossa-amador.html,de,projects,0,0,,Remove,410 Gone,,GSC 119d: 0 clicks / 0 impr,"Machine-translated duplicate. Verified safe to delete: Semrush Top Pages shows 0 referring domains on every deep URL (93 of 103 ref domains point at the root), so there is no page-level link equity to preserve. ES/DE/PT buying demand is negligible (Semrush PA db: 32 kws / 190 total vol) and these pages actively cannibalise their own English originals. All 405 earned 30 clicks in 119 days combined (~0.25/day). Use 410 rather than 404: unambiguous and de-indexed faster. Retain source files in git.",P1
https://panamarealestateguide.com/projects/empire-residences-santa-maria.html,/projects/empire-residences-santa-maria.html,en,projects,0,5,40.2,Improve,rewrite in place,,GSC 119d: 0 clicks / 5 impr / avg pos 40.2,"Developer project page — highest commercial intent on the site and the natural lead capture surface. Currently thin. Rebuild to the project template with verified pricing, titled-land status and first-hand photography.",P1
https://panamarealestateguide.com/es/projects/empire-residences-santa-maria.html,/es/projects/empire-residences-santa-maria.html,es,projects,0,0,,Remove,410 Gone,,GSC 119d: 0 clicks / 0 impr,"Machine-translated duplicate. Verified safe to delete: Semrush Top Pages shows 0 referring domains on every deep URL (93 of 103 ref domains point at the root), so there is no page-level link equity to preserve. ES/DE/PT buying demand is negligible (Semrush PA db: 32 kws / 190 total vol) and these pages actively cannibalise their own English originals. All 405 earned 30 clicks in 119 days combined (~0.25/day). Use 410 rather than 404: unambiguous and de-indexed faster. Retain source files in git.",P1
https://panamarealestateguide.com/pt/projects/empire-residences-santa-maria.html,/pt/projects/empire-residences-santa-maria.html,pt,projects,0,0,,Remove,410 Gone,,GSC 119d: 0 clicks / 0 impr,"Machine-translated duplicate. Verified safe to delete: Semrush Top Pages shows 0 referring domains on every deep URL (93 of 103 ref domains point at the root), so there is no page-level link equity to preserve. ES/DE/PT buying demand is negligible (Semrush PA db: 32 kws / 190 total vol) and these pages actively cannibalise their own English originals. All 405 earned 30 clicks in 119 days combined (~0.25/day). Use 410 rather than 404: unambiguous and de-indexed faster. Retain source files in git.",P1
https://panamarealestateguide.com/de/projects/empire-residences-santa-maria.html,/de/projects/empire-residences-santa-maria.html,de,projects,0,0,,Remove,410 Gone,,GSC 119d: 0 clicks / 0 impr,"Machine-translated duplicate. Verified safe to delete: Semrush Top Pages shows 0 referring domains on every deep URL (93 of 103 ref domains point at the root), so there is no page-level link equity to preserve. ES/DE/PT buying demand is negligible (Semrush PA db: 32 kws / 190 total vol) and these pages actively cannibalise their own English originals. All 405 earned 30 clicks in 119 days combined (~0.25/day). Use 410 rather than 404: unambiguous and de-indexed faster. Retain source files in git.",P1
https://panamarealestateguide.com/projects/margaritaville-playa-caracol.html,/projects/margaritaville-playa-caracol.html,en,projects,0,2,32.5,Improve,rewrite in place,,GSC 119d: 0 clicks / 2 impr / avg pos 32.5,"Developer project page — highest commercial intent on the site and the natural lead capture surface. Currently thin. Rebuild to the project template with verified pricing, titled-land status and first-hand photography.",P1
https://panamarealestateguide.com/es/projects/margaritaville-playa-caracol.html,/es/projects/margaritaville-playa-caracol.html,es,projects,0,0,,Remove,410 Gone,,GSC 119d: 0 clicks / 0 impr,"Machine-translated duplicate. Verified safe to delete: Semrush Top Pages shows 0 referring domains on every deep URL (93 of 103 ref domains point at the root), so there is no page-level link equity to preserve. ES/DE/PT buying demand is negligible (Semrush PA db: 32 kws / 190 total vol) and these pages actively cannibalise their own English originals. All 405 earned 30 clicks in 119 days combined (~0.25/day). Use 410 rather than 404: unambiguous and de-indexed faster. Retain source files in git.",P1
https://panamarealestateguide.com/pt/projects/margaritaville-playa-caracol.html,/pt/projects/margaritaville-playa-caracol.html,pt,projects,0,0,,Remove,410 Gone,,GSC 119d: 0 clicks / 0 impr,"Machine-translated duplicate. Verified safe to delete: Semrush Top Pages shows 0 referring domains on every deep URL (93 of 103 ref domains point at the root), so there is no page-level link equity to preserve. ES/DE/PT buying demand is negligible (Semrush PA db: 32 kws / 190 total vol) and these pages actively cannibalise their own English originals. All 405 earned 30 clicks in 119 days combined (~0.25/day). Use 410 rather than 404: unambiguous and de-indexed faster. Retain source files in git.",P1
https://panamarealestateguide.com/de/projects/margaritaville-playa-caracol.html,/de/projects/margaritaville-playa-caracol.html,de,projects,0,0,,Remove,410 Gone,,GSC 119d: 0 clicks / 0 impr,"Machine-translated duplicate. Verified safe to delete: Semrush Top Pages shows 0 referring domains on every deep URL (93 of 103 ref domains point at the root), so there is no page-level link equity to preserve. ES/DE/PT buying demand is negligible (Semrush PA db: 32 kws / 190 total vol) and these pages actively cannibalise their own English originals. All 405 earned 30 clicks in 119 days combined (~0.25/day). Use 410 rather than 404: unambiguous and de-indexed faster. Retain source files in git.",P1
https://panamarealestateguide.com/projects/mova-bb-italy.html,/projects/mova-bb-italy.html,en,projects,0,0,,Improve,rewrite in place,,GSC 119d: 0 clicks / 0 impr,"Developer project page — highest commercial intent on the site and the natural lead capture surface. Currently thin. Rebuild to the project template with verified pricing, titled-land status and first-hand photography.",P1
https://panamarealestateguide.com/es/projects/mova-bb-italy.html,/es/projects/mova-bb-italy.html,es,projects,0,0,,Remove,410 Gone,,GSC 119d: 0 clicks / 0 impr,"Machine-translated duplicate. Verified safe to delete: Semrush Top Pages shows 0 referring domains on every deep URL (93 of 103 ref domains point at the root), so there is no page-level link equity to preserve. ES/DE/PT buying demand is negligible (Semrush PA db: 32 kws / 190 total vol) and these pages actively cannibalise their own English originals. All 405 earned 30 clicks in 119 days combined (~0.25/day). Use 410 rather than 404: unambiguous and de-indexed faster. Retain source files in git.",P1
https://panamarealestateguide.com/pt/projects/mova-bb-italy.html,/pt/projects/mova-bb-italy.html,pt,projects,0,0,,Remove,410 Gone,,GSC 119d: 0 clicks / 0 impr,"Machine-translated duplicate. Verified safe to delete: Semrush Top Pages shows 0 referring domains on every deep URL (93 of 103 ref domains point at the root), so there is no page-level link equity to preserve. ES/DE/PT buying demand is negligible (Semrush PA db: 32 kws / 190 total vol) and these pages actively cannibalise their own English originals. All 405 earned 30 clicks in 119 days combined (~0.25/day). Use 410 rather than 404: unambiguous and de-indexed faster. Retain source files in git.",P1
https://panamarealestateguide.com/de/projects/mova-bb-italy.html,/de/projects/mova-bb-italy.html,de,projects,0,0,,Remove,410 Gone,,GSC 119d: 0 clicks / 0 impr,"Machine-translated duplicate. Verified safe to delete: Semrush Top Pages shows 0 referring domains on every deep URL (93 of 103 ref domains point at the root), so there is no page-level link equity to preserve. ES/DE/PT buying demand is negligible (Semrush PA db: 32 kws / 190 total vol) and these pages actively cannibalise their own English originals. All 405 earned 30 clicks in 119 days combined (~0.25/day). Use 410 rather than 404: unambiguous and de-indexed faster. Retain source files in git.",P1
https://panamarealestateguide.com/projects/pino-alto-boquete.html,/projects/pino-alto-boquete.html,en,projects,0,3,25.0,Improve,rewrite in place,,GSC 119d: 0 clicks / 3 impr / avg pos 25.0,"Developer project page — highest commercial intent on the site and the natural lead capture surface. Currently thin. Rebuild to the project template with verified pricing, titled-land status and first-hand photography.",P1
https://panamarealestateguide.com/es/projects/pino-alto-boquete.html,/es/projects/pino-alto-boquete.html,es,projects,0,0,,Remove,410 Gone,,GSC 119d: 0 clicks / 0 impr,"Machine-translated duplicate. Verified safe to delete: Semrush Top Pages shows 0 referring domains on every deep URL (93 of 103 ref domains point at the root), so there is no page-level link equity to preserve. ES/DE/PT buying demand is negligible (Semrush PA db: 32 kws / 190 total vol) and these pages actively cannibalise their own English originals. All 405 earned 30 clicks in 119 days combined (~0.25/day). Use 410 rather than 404: unambiguous and de-indexed faster. Retain source files in git.",P1
https://panamarealestateguide.com/pt/projects/pino-alto-boquete.html,/pt/projects/pino-alto-boquete.html,pt,projects,0,0,,Remove,410 Gone,,GSC 119d: 0 clicks / 0 impr,"Machine-translated duplicate. Verified safe to delete: Semrush Top Pages shows 0 referring domains on every deep URL (93 of 103 ref domains point at the root), so there is no page-level link equity to preserve. ES/DE/PT buying demand is negligible (Semrush PA db: 32 kws / 190 total vol) and these pages actively cannibalise their own English originals. All 405 earned 30 clicks in 119 days combined (~0.25/day). Use 410 rather than 404: unambiguous and de-indexed faster. Retain source files in git.",P1
https://panamarealestateguide.com/de/projects/pino-alto-boquete.html,/de/projects/pino-alto-boquete.html,de,projects,0,0,,Remove,410 Gone,,GSC 119d: 0 clicks / 0 impr,"Machine-translated duplicate. Verified safe to delete: Semrush Top Pages shows 0 referring domains on every deep URL (93 of 103 ref domains point at the root), so there is no page-level link equity to preserve. ES/DE/PT buying demand is negligible (Semrush PA db: 32 kws / 190 total vol) and these pages actively cannibalise their own English originals. All 405 earned 30 clicks in 119 days combined (~0.25/day). Use 410 rather than 404: unambiguous and de-indexed faster. Retain source files in git.",P1
https://panamarealestateguide.com/projects/playa-escondida-resort-colon.html,/projects/playa-escondida-resort-colon.html,en,projects,0,0,,Improve,rewrite in place,,GSC 119d: 0 clicks / 0 impr,"Developer project page — highest commercial intent on the site and the natural lead capture surface. Currently thin. Rebuild to the project template with verified pricing, titled-land status and first-hand photography.",P1
https://panamarealestateguide.com/es/projects/playa-escondida-resort-colon.html,/es/projects/playa-escondida-resort-colon.html,es,projects,0,0,,Remove,410 Gone,,GSC 119d: 0 clicks / 0 impr,"Machine-translated duplicate. Verified safe to delete: Semrush Top Pages shows 0 referring domains on every deep URL (93 of 103 ref domains point at the root), so there is no page-level link equity to preserve. ES/DE/PT buying demand is negligible (Semrush PA db: 32 kws / 190 total vol) and these pages actively cannibalise their own English originals. All 405 earned 30 clicks in 119 days combined (~0.25/day). Use 410 rather than 404: unambiguous and de-indexed faster. Retain source files in git.",P1
https://panamarealestateguide.com/pt/projects/playa-escondida-resort-colon.html,/pt/projects/playa-escondida-resort-colon.html,pt,projects,0,0,,Remove,410 Gone,,GSC 119d: 0 clicks / 0 impr,"Machine-translated duplicate. Verified safe to delete: Semrush Top Pages shows 0 referring domains on every deep URL (93 of 103 ref domains point at the root), so there is no page-level link equity to preserve. ES/DE/PT buying demand is negligible (Semrush PA db: 32 kws / 190 total vol) and these pages actively cannibalise their own English originals. All 405 earned 30 clicks in 119 days combined (~0.25/day). Use 410 rather than 404: unambiguous and de-indexed faster. Retain source files in git.",P1
https://panamarealestateguide.com/de/projects/playa-escondida-resort-colon.html,/de/projects/playa-escondida-resort-colon.html,de,projects,0,0,,Remove,410 Gone,,GSC 119d: 0 clicks / 0 impr,"Machine-translated duplicate. Verified safe to delete: Semrush Top Pages shows 0 referring domains on every deep URL (93 of 103 ref domains point at the root), so there is no page-level link equity to preserve. ES/DE/PT buying demand is negligible (Semrush PA db: 32 kws / 190 total vol) and these pages actively cannibalise their own English originals. All 405 earned 30 clicks in 119 days combined (~0.25/day). Use 410 rather than 404: unambiguous and de-indexed faster. Retain source files in git.",P1
https://panamarealestateguide.com/projects/silverbay-panama.html,/projects/silverbay-panama.html,en,projects,0,0,,Improve,rewrite in place,,GSC 119d: 0 clicks / 0 impr,"Developer project page — highest commercial intent on the site and the natural lead capture surface. Currently thin. Rebuild to the project template with verified pricing, titled-land status and first-hand photography.",P1
https://panamarealestateguide.com/es/projects/silverbay-panama.html,/es/projects/silverbay-panama.html,es,projects,0,0,,Remove,410 Gone,,GSC 119d: 0 clicks / 0 impr,"Machine-translated duplicate. Verified safe to delete: Semrush Top Pages shows 0 referring domains on every deep URL (93 of 103 ref domains point at the root), so there is no page-level link equity to preserve. ES/DE/PT buying demand is negligible (Semrush PA db: 32 kws / 190 total vol) and these pages actively cannibalise their own English originals. All 405 earned 30 clicks in 119 days combined (~0.25/day). Use 410 rather than 404: unambiguous and de-indexed faster. Retain source files in git.",P1
https://panamarealestateguide.com/pt/projects/silverbay-panama.html,/pt/projects/silverbay-panama.html,pt,projects,0,0,,Remove,410 Gone,,GSC 119d: 0 clicks / 0 impr,"Machine-translated duplicate. Verified safe to delete: Semrush Top Pages shows 0 referring domains on every deep URL (93 of 103 ref domains point at the root), so there is no page-level link equity to preserve. ES/DE/PT buying demand is negligible (Semrush PA db: 32 kws / 190 total vol) and these pages actively cannibalise their own English originals. All 405 earned 30 clicks in 119 days combined (~0.25/day). Use 410 rather than 404: unambiguous and de-indexed faster. Retain source files in git.",P1
https://panamarealestateguide.com/de/projects/silverbay-panama.html,/de/projects/silverbay-panama.html,de,projects,0,0,,Remove,410 Gone,,GSC 119d: 0 clicks / 0 impr,"Machine-translated duplicate. Verified safe to delete: Semrush Top Pages shows 0 referring domains on every deep URL (93 of 103 ref domains point at the root), so there is no page-level link equity to preserve. ES/DE/PT buying demand is negligible (Semrush PA db: 32 kws / 190 total vol) and these pages actively cannibalise their own English originals. All 405 earned 30 clicks in 119 days combined (~0.25/day). Use 410 rather than 404: unambiguous and de-indexed faster. Retain source files in git.",P1
https://panamarealestateguide.com/projects/the-westin-residences-playa-bonita.html,/projects/the-westin-residences-playa-bonita.html,en,projects,0,0,,Improve,rewrite in place,,GSC 119d: 0 clicks / 0 impr,"Developer project page — highest commercial intent on the site and the natural lead capture surface. Currently thin. Rebuild to the project template with verified pricing, titled-land status and first-hand photography.",P1
https://panamarealestateguide.com/es/projects/the-westin-residences-playa-bonita.html,/es/projects/the-westin-residences-playa-bonita.html,es,projects,0,0,,Remove,410 Gone,,GSC 119d: 0 clicks / 0 impr,"Machine-translated duplicate. Verified safe to delete: Semrush Top Pages shows 0 referring domains on every deep URL (93 of 103 ref domains point at the root), so there is no page-level link equity to preserve. ES/DE/PT buying demand is negligible (Semrush PA db: 32 kws / 190 total vol) and these pages actively cannibalise their own English originals. All 405 earned 30 clicks in 119 days combined (~0.25/day). Use 410 rather than 404: unambiguous and de-indexed faster. Retain source files in git.",P1
https://panamarealestateguide.com/pt/projects/the-westin-residences-playa-bonita.html,/pt/projects/the-westin-residences-playa-bonita.html,pt,projects,0,0,,Remove,410 Gone,,GSC 119d: 0 clicks / 0 impr,"Machine-translated duplicate. Verified safe to delete: Semrush Top Pages shows 0 referring domains on every deep URL (93 of 103 ref domains point at the root), so there is no page-level link equity to preserve. ES/DE/PT buying demand is negligible (Semrush PA db: 32 kws / 190 total vol) and these pages actively cannibalise their own English originals. All 405 earned 30 clicks in 119 days combined (~0.25/day). Use 410 rather than 404: unambiguous and de-indexed faster. Retain source files in git.",P1
https://panamarealestateguide.com/de/projects/the-westin-residences-playa-bonita.html,/de/projects/the-westin-residences-playa-bonita.html,de,projects,0,0,,Remove,410 Gone,,GSC 119d: 0 clicks / 0 impr,"Machine-translated duplicate. Verified safe to delete: Semrush Top Pages shows 0 referring domains on every deep URL (93 of 103 ref domains point at the root), so there is no page-level link equity to preserve. ES/DE/PT buying demand is negligible (Semrush PA db: 32 kws / 190 total vol) and these pages actively cannibalise their own English originals. All 405 earned 30 clicks in 119 days combined (~0.25/day). Use 410 rather than 404: unambiguous and de-indexed faster. Retain source files in git.",P1
https://panamarealestateguide.com/projects/towncenter-boquete.html,/projects/towncenter-boquete.html,en,projects,0,0,,Improve,rewrite in place,,GSC 119d: 0 clicks / 0 impr,"Developer project page — highest commercial intent on the site and the natural lead capture surface. Currently thin. Rebuild to the project template with verified pricing, titled-land status and first-hand photography.",P1
https://panamarealestateguide.com/es/projects/towncenter-boquete.html,/es/projects/towncenter-boquete.html,es,projects,0,0,,Remove,410 Gone,,GSC 119d: 0 clicks / 0 impr,"Machine-translated duplicate. Verified safe to delete: Semrush Top Pages shows 0 referring domains on every deep URL (93 of 103 ref domains point at the root), so there is no page-level link equity to preserve. ES/DE/PT buying demand is negligible (Semrush PA db: 32 kws / 190 total vol) and these pages actively cannibalise their own English originals. All 405 earned 30 clicks in 119 days combined (~0.25/day). Use 410 rather than 404: unambiguous and de-indexed faster. Retain source files in git.",P1
https://panamarealestateguide.com/pt/projects/towncenter-boquete.html,/pt/projects/towncenter-boquete.html,pt,projects,0,0,,Remove,410 Gone,,GSC 119d: 0 clicks / 0 impr,"Machine-translated duplicate. Verified safe to delete: Semrush Top Pages shows 0 referring domains on every deep URL (93 of 103 ref domains point at the root), so there is no page-level link equity to preserve. ES/DE/PT buying demand is negligible (Semrush PA db: 32 kws / 190 total vol) and these pages actively cannibalise their own English originals. All 405 earned 30 clicks in 119 days combined (~0.25/day). Use 410 rather than 404: unambiguous and de-indexed faster. Retain source files in git.",P1
https://panamarealestateguide.com/de/projects/towncenter-boquete.html,/de/projects/towncenter-boquete.html,de,projects,0,0,,Remove,410 Gone,,GSC 119d: 0 clicks / 0 impr,"Machine-translated duplicate. Verified safe to delete: Semrush Top Pages shows 0 referring domains on every deep URL (93 of 103 ref domains point at the root), so there is no page-level link equity to preserve. ES/DE/PT buying demand is negligible (Semrush PA db: 32 kws / 190 total vol) and these pages actively cannibalise their own English originals. All 405 earned 30 clicks in 119 days combined (~0.25/day). Use 410 rather than 404: unambiguous and de-indexed faster. Retain source files in git.",P1
https://panamarealestateguide.com/news/airport-tocumen-expansion.html,/news/airport-tocumen-expansion.html,en,news,0,23,5.0,Keep,no change,,GSC 119d: 0 clicks / 23 impr / avg pos 5.0,News item with residual impressions. Low value but harmless; retain for freshness signals.,P3
https://panamarealestateguide.com/es/news/airport-tocumen-expansion.html,/es/news/airport-tocumen-expansion.html,es,news,0,0,,Remove,410 Gone,,GSC 119d: 0 clicks / 0 impr,"Machine-translated duplicate. Verified safe to delete: Semrush Top Pages shows 0 referring domains on every deep URL (93 of 103 ref domains point at the root), so there is no page-level link equity to preserve. ES/DE/PT buying demand is negligible (Semrush PA db: 32 kws / 190 total vol) and these pages actively cannibalise their own English originals. All 405 earned 30 clicks in 119 days combined (~0.25/day). Use 410 rather than 404: unambiguous and de-indexed faster. Retain source files in git.",P1
https://panamarealestateguide.com/pt/news/airport-tocumen-expansion.html,/pt/news/airport-tocumen-expansion.html,pt,news,0,0,,Remove,410 Gone,,GSC 119d: 0 clicks / 0 impr,"Machine-translated duplicate. Verified safe to delete: Semrush Top Pages shows 0 referring domains on every deep URL (93 of 103 ref domains point at the root), so there is no page-level link equity to preserve. ES/DE/PT buying demand is negligible (Semrush PA db: 32 kws / 190 total vol) and these pages actively cannibalise their own English originals. All 405 earned 30 clicks in 119 days combined (~0.25/day). Use 410 rather than 404: unambiguous and de-indexed faster. Retain source files in git.",P1
https://panamarealestateguide.com/de/news/airport-tocumen-expansion.html,/de/news/airport-tocumen-expansion.html,de,news,0,0,,Remove,410 Gone,,GSC 119d: 0 clicks / 0 impr,"Machine-translated duplicate. Verified safe to delete: Semrush Top Pages shows 0 referring domains on every deep URL (93 of 103 ref domains point at the root), so there is no page-level link equity to preserve. ES/DE/PT buying demand is negligible (Semrush PA db: 32 kws / 190 total vol) and these pages actively cannibalise their own English originals. All 405 earned 30 clicks in 119 days combined (~0.25/day). Use 410 rather than 404: unambiguous and de-indexed faster. Retain source files in git.",P1
https://panamarealestateguide.com/news/apede-italia-investment-mission.html,/news/apede-italia-investment-mission.html,en,news,0,0,,Consolidate,301,https://panamarealestateguide.com/articles/panama-real-estate-market-2026.html,GSC 119d: 0 clicks / 0 impr,Dated micro-news with no demand. Roll the durable facts into the market pillar as a timeline; redirect. Avoids a graveyard of stale one-paragraph posts.,P3
https://panamarealestateguide.com/es/news/apede-italia-investment-mission.html,/es/news/apede-italia-investment-mission.html,es,news,0,0,,Remove,410 Gone,,GSC 119d: 0 clicks / 0 impr,"Machine-translated duplicate. Verified safe to delete: Semrush Top Pages shows 0 referring domains on every deep URL (93 of 103 ref domains point at the root), so there is no page-level link equity to preserve. ES/DE/PT buying demand is negligible (Semrush PA db: 32 kws / 190 total vol) and these pages actively cannibalise their own English originals. All 405 earned 30 clicks in 119 days combined (~0.25/day). Use 410 rather than 404: unambiguous and de-indexed faster. Retain source files in git.",P1
https://panamarealestateguide.com/pt/news/apede-italia-investment-mission.html,/pt/news/apede-italia-investment-mission.html,pt,news,0,0,,Remove,410 Gone,,GSC 119d: 0 clicks / 0 impr,"Machine-translated duplicate. Verified safe to delete: Semrush Top Pages shows 0 referring domains on every deep URL (93 of 103 ref domains point at the root), so there is no page-level link equity to preserve. ES/DE/PT buying demand is negligible (Semrush PA db: 32 kws / 190 total vol) and these pages actively cannibalise their own English originals. All 405 earned 30 clicks in 119 days combined (~0.25/day). Use 410 rather than 404: unambiguous and de-indexed faster. Retain source files in git.",P1
https://panamarealestateguide.com/de/news/apede-italia-investment-mission.html,/de/news/apede-italia-investment-mission.html,de,news,0,0,,Remove,410 Gone,,GSC 119d: 0 clicks / 0 impr,"Machine-translated duplicate. Verified safe to delete: Semrush Top Pages shows 0 referring domains on every deep URL (93 of 103 ref domains point at the root), so there is no page-level link equity to preserve. ES/DE/PT buying demand is negligible (Semrush PA db: 32 kws / 190 total vol) and these pages actively cannibalise their own English originals. All 405 earned 30 clicks in 119 days combined (~0.25/day). Use 410 rather than 404: unambiguous and de-indexed faster. Retain source files in git.",P1
https://panamarealestateguide.com/news/aqua-lodge-delivery.html,/news/aqua-lodge-delivery.html,en,news,0,0,,Consolidate,301,https://panamarealestateguide.com/articles/panama-real-estate-market-2026.html,GSC 119d: 0 clicks / 0 impr,Dated micro-news with no demand. Roll the durable facts into the market pillar as a timeline; redirect. Avoids a graveyard of stale one-paragraph posts.,P3
https://panamarealestateguide.com/es/news/aqua-lodge-delivery.html,/es/news/aqua-lodge-delivery.html,es,news,0,0,,Remove,410 Gone,,GSC 119d: 0 clicks / 0 impr,"Machine-translated duplicate. Verified safe to delete: Semrush Top Pages shows 0 referring domains on every deep URL (93 of 103 ref domains point at the root), so there is no page-level link equity to preserve. ES/DE/PT buying demand is negligible (Semrush PA db: 32 kws / 190 total vol) and these pages actively cannibalise their own English originals. All 405 earned 30 clicks in 119 days combined (~0.25/day). Use 410 rather than 404: unambiguous and de-indexed faster. Retain source files in git.",P1
https://panamarealestateguide.com/pt/news/aqua-lodge-delivery.html,/pt/news/aqua-lodge-delivery.html,pt,news,0,0,,Remove,410 Gone,,GSC 119d: 0 clicks / 0 impr,"Machine-translated duplicate. Verified safe to delete: Semrush Top Pages shows 0 referring domains on every deep URL (93 of 103 ref domains point at the root), so there is no page-level link equity to preserve. ES/DE/PT buying demand is negligible (Semrush PA db: 32 kws / 190 total vol) and these pages actively cannibalise their own English originals. All 405 earned 30 clicks in 119 days combined (~0.25/day). Use 410 rather than 404: unambiguous and de-indexed faster. Retain source files in git.",P1
https://panamarealestateguide.com/de/news/aqua-lodge-delivery.html,/de/news/aqua-lodge-delivery.html,de,news,0,0,,Remove,410 Gone,,GSC 119d: 0 clicks / 0 impr,"Machine-translated duplicate. Verified safe to delete: Semrush Top Pages shows 0 referring domains on every deep URL (93 of 103 ref domains point at the root), so there is no page-level link equity to preserve. ES/DE/PT buying demand is negligible (Semrush PA db: 32 kws / 190 total vol) and these pages actively cannibalise their own English originals. All 405 earned 30 clicks in 119 days combined (~0.25/day). Use 410 rather than 404: unambiguous and de-indexed faster. Retain source files in git.",P1
https://panamarealestateguide.com/news/bloomberg-retirement-index.html,/news/bloomberg-retirement-index.html,en,news,0,3,5.3,Consolidate,301,https://panamarealestateguide.com/articles/panama-real-estate-market-2026.html,GSC 119d: 0 clicks / 3 impr / avg pos 5.3,Dated micro-news with no demand. Roll the durable facts into the market pillar as a timeline; redirect. Avoids a graveyard of stale one-paragraph posts.,P3
https://panamarealestateguide.com/es/news/bloomberg-retirement-index.html,/es/news/bloomberg-retirement-index.html,es,news,0,0,,Remove,410 Gone,,GSC 119d: 0 clicks / 0 impr,"Machine-translated duplicate. Verified safe to delete: Semrush Top Pages shows 0 referring domains on every deep URL (93 of 103 ref domains point at the root), so there is no page-level link equity to preserve. ES/DE/PT buying demand is negligible (Semrush PA db: 32 kws / 190 total vol) and these pages actively cannibalise their own English originals. All 405 earned 30 clicks in 119 days combined (~0.25/day). Use 410 rather than 404: unambiguous and de-indexed faster. Retain source files in git.",P1
https://panamarealestateguide.com/pt/news/bloomberg-retirement-index.html,/pt/news/bloomberg-retirement-index.html,pt,news,0,0,,Remove,410 Gone,,GSC 119d: 0 clicks / 0 impr,"Machine-translated duplicate. Verified safe to delete: Semrush Top Pages shows 0 referring domains on every deep URL (93 of 103 ref domains point at the root), so there is no page-level link equity to preserve. ES/DE/PT buying demand is negligible (Semrush PA db: 32 kws / 190 total vol) and these pages actively cannibalise their own English originals. All 405 earned 30 clicks in 119 days combined (~0.25/day). Use 410 rather than 404: unambiguous and de-indexed faster. Retain source files in git.",P1
https://panamarealestateguide.com/de/news/bloomberg-retirement-index.html,/de/news/bloomberg-retirement-index.html,de,news,0,0,,Remove,410 Gone,,GSC 119d: 0 clicks / 0 impr,"Machine-translated duplicate. Verified safe to delete: Semrush Top Pages shows 0 referring domains on every deep URL (93 of 103 ref domains point at the root), so there is no page-level link equity to preserve. ES/DE/PT buying demand is negligible (Semrush PA db: 32 kws / 190 total vol) and these pages actively cannibalise their own English originals. All 405 earned 30 clicks in 119 days combined (~0.25/day). Use 410 rather than 404: unambiguous and de-indexed faster. Retain source files in git.",P1
https://panamarealestateguide.com/news/bocas-fiber.html,/news/bocas-fiber.html,en,news,0,0,,Consolidate,301,https://panamarealestateguide.com/articles/panama-real-estate-market-2026.html,GSC 119d: 0 clicks / 0 impr,Dated micro-news with no demand. Roll the durable facts into the market pillar as a timeline; redirect. Avoids a graveyard of stale one-paragraph posts.,P3
https://panamarealestateguide.com/es/news/bocas-fiber.html,/es/news/bocas-fiber.html,es,news,0,0,,Remove,410 Gone,,GSC 119d: 0 clicks / 0 impr,"Machine-translated duplicate. Verified safe to delete: Semrush Top Pages shows 0 referring domains on every deep URL (93 of 103 ref domains point at the root), so there is no page-level link equity to preserve. ES/DE/PT buying demand is negligible (Semrush PA db: 32 kws / 190 total vol) and these pages actively cannibalise their own English originals. All 405 earned 30 clicks in 119 days combined (~0.25/day). Use 410 rather than 404: unambiguous and de-indexed faster. Retain source files in git.",P1
https://panamarealestateguide.com/pt/news/bocas-fiber.html,/pt/news/bocas-fiber.html,pt,news,0,0,,Remove,410 Gone,,GSC 119d: 0 clicks / 0 impr,"Machine-translated duplicate. Verified safe to delete: Semrush Top Pages shows 0 referring domains on every deep URL (93 of 103 ref domains point at the root), so there is no page-level link equity to preserve. ES/DE/PT buying demand is negligible (Semrush PA db: 32 kws / 190 total vol) and these pages actively cannibalise their own English originals. All 405 earned 30 clicks in 119 days combined (~0.25/day). Use 410 rather than 404: unambiguous and de-indexed faster. Retain source files in git.",P1
https://panamarealestateguide.com/de/news/bocas-fiber.html,/de/news/bocas-fiber.html,de,news,0,0,,Remove,410 Gone,,GSC 119d: 0 clicks / 0 impr,"Machine-translated duplicate. Verified safe to delete: Semrush Top Pages shows 0 referring domains on every deep URL (93 of 103 ref domains point at the root), so there is no page-level link equity to preserve. ES/DE/PT buying demand is negligible (Semrush PA db: 32 kws / 190 total vol) and these pages actively cannibalise their own English originals. All 405 earned 30 clicks in 119 days combined (~0.25/day). Use 410 rather than 404: unambiguous and de-indexed faster. Retain source files in git.",P1
https://panamarealestateguide.com/news/boquete-coffee-fair-2026.html,/news/boquete-coffee-fair-2026.html,en,news,0,16,22.6,Consolidate,301,https://panamarealestateguide.com/articles/panama-real-estate-market-2026.html,GSC 119d: 0 clicks / 16 impr / avg pos 22.6,Dated micro-news with no demand. Roll the durable facts into the market pillar as a timeline; redirect. Avoids a graveyard of stale one-paragraph posts.,P3
https://panamarealestateguide.com/es/news/boquete-coffee-fair-2026.html,/es/news/boquete-coffee-fair-2026.html,es,news,0,0,,Remove,410 Gone,,GSC 119d: 0 clicks / 0 impr,"Machine-translated duplicate. Verified safe to delete: Semrush Top Pages shows 0 referring domains on every deep URL (93 of 103 ref domains point at the root), so there is no page-level link equity to preserve. ES/DE/PT buying demand is negligible (Semrush PA db: 32 kws / 190 total vol) and these pages actively cannibalise their own English originals. All 405 earned 30 clicks in 119 days combined (~0.25/day). Use 410 rather than 404: unambiguous and de-indexed faster. Retain source files in git.",P1
https://panamarealestateguide.com/pt/news/boquete-coffee-fair-2026.html,/pt/news/boquete-coffee-fair-2026.html,pt,news,0,0,,Remove,410 Gone,,GSC 119d: 0 clicks / 0 impr,"Machine-translated duplicate. Verified safe to delete: Semrush Top Pages shows 0 referring domains on every deep URL (93 of 103 ref domains point at the root), so there is no page-level link equity to preserve. ES/DE/PT buying demand is negligible (Semrush PA db: 32 kws / 190 total vol) and these pages actively cannibalise their own English originals. All 405 earned 30 clicks in 119 days combined (~0.25/day). Use 410 rather than 404: unambiguous and de-indexed faster. Retain source files in git.",P1
https://panamarealestateguide.com/de/news/boquete-coffee-fair-2026.html,/de/news/boquete-coffee-fair-2026.html,de,news,0,0,,Remove,410 Gone,,GSC 119d: 0 clicks / 0 impr,"Machine-translated duplicate. Verified safe to delete: Semrush Top Pages shows 0 referring domains on every deep URL (93 of 103 ref domains point at the root), so there is no page-level link equity to preserve. ES/DE/PT buying demand is negligible (Semrush PA db: 32 kws / 190 total vol) and these pages actively cannibalise their own English originals. All 405 earned 30 clicks in 119 days combined (~0.25/day). Use 410 rather than 404: unambiguous and de-indexed faster. Retain source files in git.",P1
https://panamarealestateguide.com/news/boquete-trail-network.html,/news/boquete-trail-network.html,en,news,0,0,,Consolidate,301,https://panamarealestateguide.com/articles/panama-real-estate-market-2026.html,GSC 119d: 0 clicks / 0 impr,Dated micro-news with no demand. Roll the durable facts into the market pillar as a timeline; redirect. Avoids a graveyard of stale one-paragraph posts.,P3
https://panamarealestateguide.com/es/news/boquete-trail-network.html,/es/news/boquete-trail-network.html,es,news,0,0,,Remove,410 Gone,,GSC 119d: 0 clicks / 0 impr,"Machine-translated duplicate. Verified safe to delete: Semrush Top Pages shows 0 referring domains on every deep URL (93 of 103 ref domains point at the root), so there is no page-level link equity to preserve. ES/DE/PT buying demand is negligible (Semrush PA db: 32 kws / 190 total vol) and these pages actively cannibalise their own English originals. All 405 earned 30 clicks in 119 days combined (~0.25/day). Use 410 rather than 404: unambiguous and de-indexed faster. Retain source files in git.",P1
https://panamarealestateguide.com/pt/news/boquete-trail-network.html,/pt/news/boquete-trail-network.html,pt,news,0,0,,Remove,410 Gone,,GSC 119d: 0 clicks / 0 impr,"Machine-translated duplicate. Verified safe to delete: Semrush Top Pages shows 0 referring domains on every deep URL (93 of 103 ref domains point at the root), so there is no page-level link equity to preserve. ES/DE/PT buying demand is negligible (Semrush PA db: 32 kws / 190 total vol) and these pages actively cannibalise their own English originals. All 405 earned 30 clicks in 119 days combined (~0.25/day). Use 410 rather than 404: unambiguous and de-indexed faster. Retain source files in git.",P1
https://panamarealestateguide.com/de/news/boquete-trail-network.html,/de/news/boquete-trail-network.html,de,news,0,0,,Remove,410 Gone,,GSC 119d: 0 clicks / 0 impr,"Machine-translated duplicate. Verified safe to delete: Semrush Top Pages shows 0 referring domains on every deep URL (93 of 103 ref domains point at the root), so there is no page-level link equity to preserve. ES/DE/PT buying demand is negligible (Semrush PA db: 32 kws / 190 total vol) and these pages actively cannibalise their own English originals. All 405 earned 30 clicks in 119 days combined (~0.25/day). Use 410 rather than 404: unambiguous and de-indexed faster. Retain source files in git.",P1
https://panamarealestateguide.com/news/buoy-hurricane-corridor.html,/news/buoy-hurricane-corridor.html,en,news,0,42,6.1,Keep,no change,,GSC 119d: 0 clicks / 42 impr / avg pos 6.1,News item with residual impressions. Low value but harmless; retain for freshness signals.,P3
https://panamarealestateguide.com/es/news/buoy-hurricane-corridor.html,/es/news/buoy-hurricane-corridor.html,es,news,0,0,,Remove,410 Gone,,GSC 119d: 0 clicks / 0 impr,"Machine-translated duplicate. Verified safe to delete: Semrush Top Pages shows 0 referring domains on every deep URL (93 of 103 ref domains point at the root), so there is no page-level link equity to preserve. ES/DE/PT buying demand is negligible (Semrush PA db: 32 kws / 190 total vol) and these pages actively cannibalise their own English originals. All 405 earned 30 clicks in 119 days combined (~0.25/day). Use 410 rather than 404: unambiguous and de-indexed faster. Retain source files in git.",P1
https://panamarealestateguide.com/pt/news/buoy-hurricane-corridor.html,/pt/news/buoy-hurricane-corridor.html,pt,news,0,0,,Remove,410 Gone,,GSC 119d: 0 clicks / 0 impr,"Machine-translated duplicate. Verified safe to delete: Semrush Top Pages shows 0 referring domains on every deep URL (93 of 103 ref domains point at the root), so there is no page-level link equity to preserve. ES/DE/PT buying demand is negligible (Semrush PA db: 32 kws / 190 total vol) and these pages actively cannibalise their own English originals. All 405 earned 30 clicks in 119 days combined (~0.25/day). Use 410 rather than 404: unambiguous and de-indexed faster. Retain source files in git.",P1
https://panamarealestateguide.com/de/news/buoy-hurricane-corridor.html,/de/news/buoy-hurricane-corridor.html,de,news,0,0,,Remove,410 Gone,,GSC 119d: 0 clicks / 0 impr,"Machine-translated duplicate. Verified safe to delete: Semrush Top Pages shows 0 referring domains on every deep URL (93 of 103 ref domains point at the root), so there is no page-level link equity to preserve. ES/DE/PT buying demand is negligible (Semrush PA db: 32 kws / 190 total vol) and these pages actively cannibalise their own English originals. All 405 earned 30 clicks in 119 days combined (~0.25/day). Use 410 rather than 404: unambiguous and de-indexed faster. Retain source files in git.",P1
https://panamarealestateguide.com/news/canal-projects-2027-bid.html,/news/canal-projects-2027-bid.html,en,news,0,0,,Consolidate,301,https://panamarealestateguide.com/articles/panama-real-estate-market-2026.html,GSC 119d: 0 clicks / 0 impr,Dated micro-news with no demand. Roll the durable facts into the market pillar as a timeline; redirect. Avoids a graveyard of stale one-paragraph posts.,P3
https://panamarealestateguide.com/es/news/canal-projects-2027-bid.html,/es/news/canal-projects-2027-bid.html,es,news,0,0,,Remove,410 Gone,,GSC 119d: 0 clicks / 0 impr,"Machine-translated duplicate. Verified safe to delete: Semrush Top Pages shows 0 referring domains on every deep URL (93 of 103 ref domains point at the root), so there is no page-level link equity to preserve. ES/DE/PT buying demand is negligible (Semrush PA db: 32 kws / 190 total vol) and these pages actively cannibalise their own English originals. All 405 earned 30 clicks in 119 days combined (~0.25/day). Use 410 rather than 404: unambiguous and de-indexed faster. Retain source files in git.",P1
https://panamarealestateguide.com/pt/news/canal-projects-2027-bid.html,/pt/news/canal-projects-2027-bid.html,pt,news,0,0,,Remove,410 Gone,,GSC 119d: 0 clicks / 0 impr,"Machine-translated duplicate. Verified safe to delete: Semrush Top Pages shows 0 referring domains on every deep URL (93 of 103 ref domains point at the root), so there is no page-level link equity to preserve. ES/DE/PT buying demand is negligible (Semrush PA db: 32 kws / 190 total vol) and these pages actively cannibalise their own English originals. All 405 earned 30 clicks in 119 days combined (~0.25/day). Use 410 rather than 404: unambiguous and de-indexed faster. Retain source files in git.",P1
https://panamarealestateguide.com/de/news/canal-projects-2027-bid.html,/de/news/canal-projects-2027-bid.html,de,news,0,0,,Remove,410 Gone,,GSC 119d: 0 clicks / 0 impr,"Machine-translated duplicate. Verified safe to delete: Semrush Top Pages shows 0 referring domains on every deep URL (93 of 103 ref domains point at the root), so there is no page-level link equity to preserve. ES/DE/PT buying demand is negligible (Semrush PA db: 32 kws / 190 total vol) and these pages actively cannibalise their own English originals. All 405 earned 30 clicks in 119 days combined (~0.25/day). Use 410 rather than 404: unambiguous and de-indexed faster. Retain source files in git.",P1
https://panamarealestateguide.com/news/canal-transit-january-2026.html,/news/canal-transit-january-2026.html,en,news,0,0,,Consolidate,301,https://panamarealestateguide.com/articles/panama-real-estate-market-2026.html,GSC 119d: 0 clicks / 0 impr,Dated micro-news with no demand. Roll the durable facts into the market pillar as a timeline; redirect. Avoids a graveyard of stale one-paragraph posts.,P3
https://panamarealestateguide.com/es/news/canal-transit-january-2026.html,/es/news/canal-transit-january-2026.html,es,news,0,0,,Remove,410 Gone,,GSC 119d: 0 clicks / 0 impr,"Machine-translated duplicate. Verified safe to delete: Semrush Top Pages shows 0 referring domains on every deep URL (93 of 103 ref domains point at the root), so there is no page-level link equity to preserve. ES/DE/PT buying demand is negligible (Semrush PA db: 32 kws / 190 total vol) and these pages actively cannibalise their own English originals. All 405 earned 30 clicks in 119 days combined (~0.25/day). Use 410 rather than 404: unambiguous and de-indexed faster. Retain source files in git.",P1
https://panamarealestateguide.com/pt/news/canal-transit-january-2026.html,/pt/news/canal-transit-january-2026.html,pt,news,0,0,,Remove,410 Gone,,GSC 119d: 0 clicks / 0 impr,"Machine-translated duplicate. Verified safe to delete: Semrush Top Pages shows 0 referring domains on every deep URL (93 of 103 ref domains point at the root), so there is no page-level link equity to preserve. ES/DE/PT buying demand is negligible (Semrush PA db: 32 kws / 190 total vol) and these pages actively cannibalise their own English originals. All 405 earned 30 clicks in 119 days combined (~0.25/day). Use 410 rather than 404: unambiguous and de-indexed faster. Retain source files in git.",P1
https://panamarealestateguide.com/de/news/canal-transit-january-2026.html,/de/news/canal-transit-january-2026.html,de,news,0,0,,Remove,410 Gone,,GSC 119d: 0 clicks / 0 impr,"Machine-translated duplicate. Verified safe to delete: Semrush Top Pages shows 0 referring domains on every deep URL (93 of 103 ref domains point at the root), so there is no page-level link equity to preserve. ES/DE/PT buying demand is negligible (Semrush PA db: 32 kws / 190 total vol) and these pages actively cannibalise their own English originals. All 405 earned 30 clicks in 119 days combined (~0.25/day). Use 410 rather than 404: unambiguous and de-indexed faster. Retain source files in git.",P1
https://panamarealestateguide.com/news/casco-restoration-grant.html,/news/casco-restoration-grant.html,en,news,0,7,4.3,Consolidate,301,https://panamarealestateguide.com/articles/panama-real-estate-market-2026.html,GSC 119d: 0 clicks / 7 impr / avg pos 4.3,Dated micro-news with no demand. Roll the durable facts into the market pillar as a timeline; redirect. Avoids a graveyard of stale one-paragraph posts.,P3
https://panamarealestateguide.com/es/news/casco-restoration-grant.html,/es/news/casco-restoration-grant.html,es,news,0,0,,Remove,410 Gone,,GSC 119d: 0 clicks / 0 impr,"Machine-translated duplicate. Verified safe to delete: Semrush Top Pages shows 0 referring domains on every deep URL (93 of 103 ref domains point at the root), so there is no page-level link equity to preserve. ES/DE/PT buying demand is negligible (Semrush PA db: 32 kws / 190 total vol) and these pages actively cannibalise their own English originals. All 405 earned 30 clicks in 119 days combined (~0.25/day). Use 410 rather than 404: unambiguous and de-indexed faster. Retain source files in git.",P1
https://panamarealestateguide.com/pt/news/casco-restoration-grant.html,/pt/news/casco-restoration-grant.html,pt,news,0,0,,Remove,410 Gone,,GSC 119d: 0 clicks / 0 impr,"Machine-translated duplicate. Verified safe to delete: Semrush Top Pages shows 0 referring domains on every deep URL (93 of 103 ref domains point at the root), so there is no page-level link equity to preserve. ES/DE/PT buying demand is negligible (Semrush PA db: 32 kws / 190 total vol) and these pages actively cannibalise their own English originals. All 405 earned 30 clicks in 119 days combined (~0.25/day). Use 410 rather than 404: unambiguous and de-indexed faster. Retain source files in git.",P1
https://panamarealestateguide.com/de/news/casco-restoration-grant.html,/de/news/casco-restoration-grant.html,de,news,0,0,,Remove,410 Gone,,GSC 119d: 0 clicks / 0 impr,"Machine-translated duplicate. Verified safe to delete: Semrush Top Pages shows 0 referring domains on every deep URL (93 of 103 ref domains point at the root), so there is no page-level link equity to preserve. ES/DE/PT buying demand is negligible (Semrush PA db: 32 kws / 190 total vol) and these pages actively cannibalise their own English originals. All 405 earned 30 clicks in 119 days combined (~0.25/day). Use 410 rather than 404: unambiguous and de-indexed faster. Retain source files in git.",P1
https://panamarealestateguide.com/news/casco-viejo-colon-incentives.html,/news/casco-viejo-colon-incentives.html,en,news,0,0,,Consolidate,301,https://panamarealestateguide.com/articles/panama-real-estate-market-2026.html,GSC 119d: 0 clicks / 0 impr,Dated micro-news with no demand. Roll the durable facts into the market pillar as a timeline; redirect. Avoids a graveyard of stale one-paragraph posts.,P3
https://panamarealestateguide.com/es/news/casco-viejo-colon-incentives.html,/es/news/casco-viejo-colon-incentives.html,es,news,0,0,,Remove,410 Gone,,GSC 119d: 0 clicks / 0 impr,"Machine-translated duplicate. Verified safe to delete: Semrush Top Pages shows 0 referring domains on every deep URL (93 of 103 ref domains point at the root), so there is no page-level link equity to preserve. ES/DE/PT buying demand is negligible (Semrush PA db: 32 kws / 190 total vol) and these pages actively cannibalise their own English originals. All 405 earned 30 clicks in 119 days combined (~0.25/day). Use 410 rather than 404: unambiguous and de-indexed faster. Retain source files in git.",P1
https://panamarealestateguide.com/pt/news/casco-viejo-colon-incentives.html,/pt/news/casco-viejo-colon-incentives.html,pt,news,0,0,,Remove,410 Gone,,GSC 119d: 0 clicks / 0 impr,"Machine-translated duplicate. Verified safe to delete: Semrush Top Pages shows 0 referring domains on every deep URL (93 of 103 ref domains point at the root), so there is no page-level link equity to preserve. ES/DE/PT buying demand is negligible (Semrush PA db: 32 kws / 190 total vol) and these pages actively cannibalise their own English originals. All 405 earned 30 clicks in 119 days combined (~0.25/day). Use 410 rather than 404: unambiguous and de-indexed faster. Retain source files in git.",P1
https://panamarealestateguide.com/de/news/casco-viejo-colon-incentives.html,/de/news/casco-viejo-colon-incentives.html,de,news,0,0,,Remove,410 Gone,,GSC 119d: 0 clicks / 0 impr,"Machine-translated duplicate. Verified safe to delete: Semrush Top Pages shows 0 referring domains on every deep URL (93 of 103 ref domains point at the root), so there is no page-level link equity to preserve. ES/DE/PT buying demand is negligible (Semrush PA db: 32 kws / 190 total vol) and these pages actively cannibalise their own English originals. All 405 earned 30 clicks in 119 days combined (~0.25/day). Use 410 rather than 404: unambiguous and de-indexed faster. Retain source files in git.",P1
https://panamarealestateguide.com/news/chiriqui-highway-open.html,/news/chiriqui-highway-open.html,en,news,0,0,,Consolidate,301,https://panamarealestateguide.com/articles/panama-real-estate-market-2026.html,GSC 119d: 0 clicks / 0 impr,Dated micro-news with no demand. Roll the durable facts into the market pillar as a timeline; redirect. Avoids a graveyard of stale one-paragraph posts.,P3
https://panamarealestateguide.com/es/news/chiriqui-highway-open.html,/es/news/chiriqui-highway-open.html,es,news,0,0,,Remove,410 Gone,,GSC 119d: 0 clicks / 0 impr,"Machine-translated duplicate. Verified safe to delete: Semrush Top Pages shows 0 referring domains on every deep URL (93 of 103 ref domains point at the root), so there is no page-level link equity to preserve. ES/DE/PT buying demand is negligible (Semrush PA db: 32 kws / 190 total vol) and these pages actively cannibalise their own English originals. All 405 earned 30 clicks in 119 days combined (~0.25/day). Use 410 rather than 404: unambiguous and de-indexed faster. Retain source files in git.",P1
https://panamarealestateguide.com/pt/news/chiriqui-highway-open.html,/pt/news/chiriqui-highway-open.html,pt,news,0,0,,Remove,410 Gone,,GSC 119d: 0 clicks / 0 impr,"Machine-translated duplicate. Verified safe to delete: Semrush Top Pages shows 0 referring domains on every deep URL (93 of 103 ref domains point at the root), so there is no page-level link equity to preserve. ES/DE/PT buying demand is negligible (Semrush PA db: 32 kws / 190 total vol) and these pages actively cannibalise their own English originals. All 405 earned 30 clicks in 119 days combined (~0.25/day). Use 410 rather than 404: unambiguous and de-indexed faster. Retain source files in git.",P1
https://panamarealestateguide.com/de/news/chiriqui-highway-open.html,/de/news/chiriqui-highway-open.html,de,news,0,0,,Remove,410 Gone,,GSC 119d: 0 clicks / 0 impr,"Machine-translated duplicate. Verified safe to delete: Semrush Top Pages shows 0 referring domains on every deep URL (93 of 103 ref domains point at the root), so there is no page-level link equity to preserve. ES/DE/PT buying demand is negligible (Semrush PA db: 32 kws / 190 total vol) and these pages actively cannibalise their own English originals. All 405 earned 30 clicks in 119 days combined (~0.25/day). Use 410 rather than 404: unambiguous and de-indexed faster. Retain source files in git.",P1
https://panamarealestateguide.com/news/copa-pedasi-route.html,/news/copa-pedasi-route.html,en,news,0,33,6.8,Keep,no change,,GSC 119d: 0 clicks / 33 impr / avg pos 6.8,News item with residual impressions. Low value but harmless; retain for freshness signals.,P3
https://panamarealestateguide.com/es/news/copa-pedasi-route.html,/es/news/copa-pedasi-route.html,es,news,0,0,,Remove,410 Gone,,GSC 119d: 0 clicks / 0 impr,"Machine-translated duplicate. Verified safe to delete: Semrush Top Pages shows 0 referring domains on every deep URL (93 of 103 ref domains point at the root), so there is no page-level link equity to preserve. ES/DE/PT buying demand is negligible (Semrush PA db: 32 kws / 190 total vol) and these pages actively cannibalise their own English originals. All 405 earned 30 clicks in 119 days combined (~0.25/day). Use 410 rather than 404: unambiguous and de-indexed faster. Retain source files in git.",P1
https://panamarealestateguide.com/pt/news/copa-pedasi-route.html,/pt/news/copa-pedasi-route.html,pt,news,0,0,,Remove,410 Gone,,GSC 119d: 0 clicks / 0 impr,"Machine-translated duplicate. Verified safe to delete: Semrush Top Pages shows 0 referring domains on every deep URL (93 of 103 ref domains point at the root), so there is no page-level link equity to preserve. ES/DE/PT buying demand is negligible (Semrush PA db: 32 kws / 190 total vol) and these pages actively cannibalise their own English originals. All 405 earned 30 clicks in 119 days combined (~0.25/day). Use 410 rather than 404: unambiguous and de-indexed faster. Retain source files in git.",P1
https://panamarealestateguide.com/de/news/copa-pedasi-route.html,/de/news/copa-pedasi-route.html,de,news,0,0,,Remove,410 Gone,,GSC 119d: 0 clicks / 0 impr,"Machine-translated duplicate. Verified safe to delete: Semrush Top Pages shows 0 referring domains on every deep URL (93 of 103 ref domains point at the root), so there is no page-level link equity to preserve. ES/DE/PT buying demand is negligible (Semrush PA db: 32 kws / 190 total vol) and these pages actively cannibalise their own English originals. All 405 earned 30 clicks in 119 days combined (~0.25/day). Use 410 rather than 404: unambiguous and de-indexed faster. Retain source files in git.",P1
https://panamarealestateguide.com/news/coronado-sold-out.html,/news/coronado-sold-out.html,en,news,0,0,,Consolidate,301,https://panamarealestateguide.com/articles/panama-real-estate-market-2026.html,GSC 119d: 0 clicks / 0 impr,Dated micro-news with no demand. Roll the durable facts into the market pillar as a timeline; redirect. Avoids a graveyard of stale one-paragraph posts.,P3
https://panamarealestateguide.com/es/news/coronado-sold-out.html,/es/news/coronado-sold-out.html,es,news,0,0,,Remove,410 Gone,,GSC 119d: 0 clicks / 0 impr,"Machine-translated duplicate. Verified safe to delete: Semrush Top Pages shows 0 referring domains on every deep URL (93 of 103 ref domains point at the root), so there is no page-level link equity to preserve. ES/DE/PT buying demand is negligible (Semrush PA db: 32 kws / 190 total vol) and these pages actively cannibalise their own English originals. All 405 earned 30 clicks in 119 days combined (~0.25/day). Use 410 rather than 404: unambiguous and de-indexed faster. Retain source files in git.",P1
https://panamarealestateguide.com/pt/news/coronado-sold-out.html,/pt/news/coronado-sold-out.html,pt,news,0,0,,Remove,410 Gone,,GSC 119d: 0 clicks / 0 impr,"Machine-translated duplicate. Verified safe to delete: Semrush Top Pages shows 0 referring domains on every deep URL (93 of 103 ref domains point at the root), so there is no page-level link equity to preserve. ES/DE/PT buying demand is negligible (Semrush PA db: 32 kws / 190 total vol) and these pages actively cannibalise their own English originals. All 405 earned 30 clicks in 119 days combined (~0.25/day). Use 410 rather than 404: unambiguous and de-indexed faster. Retain source files in git.",P1
https://panamarealestateguide.com/de/news/coronado-sold-out.html,/de/news/coronado-sold-out.html,de,news,0,0,,Remove,410 Gone,,GSC 119d: 0 clicks / 0 impr,"Machine-translated duplicate. Verified safe to delete: Semrush Top Pages shows 0 referring domains on every deep URL (93 of 103 ref domains point at the root), so there is no page-level link equity to preserve. ES/DE/PT buying demand is negligible (Semrush PA db: 32 kws / 190 total vol) and these pages actively cannibalise their own English originals. All 405 earned 30 clicks in 119 days combined (~0.25/day). Use 410 rather than 404: unambiguous and de-indexed faster. Retain source files in git.",P1
https://panamarealestateguide.com/news/cruise-season-2025-2026.html,/news/cruise-season-2025-2026.html,en,news,0,0,,Consolidate,301,https://panamarealestateguide.com/articles/panama-real-estate-market-2026.html,GSC 119d: 0 clicks / 0 impr,Dated micro-news with no demand. Roll the durable facts into the market pillar as a timeline; redirect. Avoids a graveyard of stale one-paragraph posts.,P3
https://panamarealestateguide.com/es/news/cruise-season-2025-2026.html,/es/news/cruise-season-2025-2026.html,es,news,0,0,,Remove,410 Gone,,GSC 119d: 0 clicks / 0 impr,"Machine-translated duplicate. Verified safe to delete: Semrush Top Pages shows 0 referring domains on every deep URL (93 of 103 ref domains point at the root), so there is no page-level link equity to preserve. ES/DE/PT buying demand is negligible (Semrush PA db: 32 kws / 190 total vol) and these pages actively cannibalise their own English originals. All 405 earned 30 clicks in 119 days combined (~0.25/day). Use 410 rather than 404: unambiguous and de-indexed faster. Retain source files in git.",P1
https://panamarealestateguide.com/pt/news/cruise-season-2025-2026.html,/pt/news/cruise-season-2025-2026.html,pt,news,0,0,,Remove,410 Gone,,GSC 119d: 0 clicks / 0 impr,"Machine-translated duplicate. Verified safe to delete: Semrush Top Pages shows 0 referring domains on every deep URL (93 of 103 ref domains point at the root), so there is no page-level link equity to preserve. ES/DE/PT buying demand is negligible (Semrush PA db: 32 kws / 190 total vol) and these pages actively cannibalise their own English originals. All 405 earned 30 clicks in 119 days combined (~0.25/day). Use 410 rather than 404: unambiguous and de-indexed faster. Retain source files in git.",P1
https://panamarealestateguide.com/de/news/cruise-season-2025-2026.html,/de/news/cruise-season-2025-2026.html,de,news,0,0,,Remove,410 Gone,,GSC 119d: 0 clicks / 0 impr,"Machine-translated duplicate. Verified safe to delete: Semrush Top Pages shows 0 referring domains on every deep URL (93 of 103 ref domains point at the root), so there is no page-level link equity to preserve. ES/DE/PT buying demand is negligible (Semrush PA db: 32 kws / 190 total vol) and these pages actively cannibalise their own English originals. All 405 earned 30 clicks in 119 days combined (~0.25/day). Use 410 rather than 404: unambiguous and de-indexed faster. Retain source files in git.",P1
https://panamarealestateguide.com/news/friendly-nations-up.html,/news/friendly-nations-up.html,en,news,0,14,6.3,Consolidate,301,https://panamarealestateguide.com/articles/panama-real-estate-market-2026.html,GSC 119d: 0 clicks / 14 impr / avg pos 6.3,Dated micro-news with no demand. Roll the durable facts into the market pillar as a timeline; redirect. Avoids a graveyard of stale one-paragraph posts.,P3
https://panamarealestateguide.com/es/news/friendly-nations-up.html,/es/news/friendly-nations-up.html,es,news,0,0,,Remove,410 Gone,,GSC 119d: 0 clicks / 0 impr,"Machine-translated duplicate. Verified safe to delete: Semrush Top Pages shows 0 referring domains on every deep URL (93 of 103 ref domains point at the root), so there is no page-level link equity to preserve. ES/DE/PT buying demand is negligible (Semrush PA db: 32 kws / 190 total vol) and these pages actively cannibalise their own English originals. All 405 earned 30 clicks in 119 days combined (~0.25/day). Use 410 rather than 404: unambiguous and de-indexed faster. Retain source files in git.",P1
https://panamarealestateguide.com/pt/news/friendly-nations-up.html,/pt/news/friendly-nations-up.html,pt,news,0,0,,Remove,410 Gone,,GSC 119d: 0 clicks / 0 impr,"Machine-translated duplicate. Verified safe to delete: Semrush Top Pages shows 0 referring domains on every deep URL (93 of 103 ref domains point at the root), so there is no page-level link equity to preserve. ES/DE/PT buying demand is negligible (Semrush PA db: 32 kws / 190 total vol) and these pages actively cannibalise their own English originals. All 405 earned 30 clicks in 119 days combined (~0.25/day). Use 410 rather than 404: unambiguous and de-indexed faster. Retain source files in git.",P1
https://panamarealestateguide.com/de/news/friendly-nations-up.html,/de/news/friendly-nations-up.html,de,news,0,0,,Remove,410 Gone,,GSC 119d: 0 clicks / 0 impr,"Machine-translated duplicate. Verified safe to delete: Semrush Top Pages shows 0 referring domains on every deep URL (93 of 103 ref domains point at the root), so there is no page-level link equity to preserve. ES/DE/PT buying demand is negligible (Semrush PA db: 32 kws / 190 total vol) and these pages actively cannibalise their own English originals. All 405 earned 30 clicks in 119 days combined (~0.25/day). Use 410 rather than 404: unambiguous and de-indexed faster. Retain source files in git.",P1
https://panamarealestateguide.com/news/international-living-ranking.html,/news/international-living-ranking.html,en,news,0,0,,Consolidate,301,https://panamarealestateguide.com/articles/panama-real-estate-market-2026.html,GSC 119d: 0 clicks / 0 impr,Dated micro-news with no demand. Roll the durable facts into the market pillar as a timeline; redirect. Avoids a graveyard of stale one-paragraph posts.,P3
https://panamarealestateguide.com/es/news/international-living-ranking.html,/es/news/international-living-ranking.html,es,news,0,0,,Remove,410 Gone,,GSC 119d: 0 clicks / 0 impr,"Machine-translated duplicate. Verified safe to delete: Semrush Top Pages shows 0 referring domains on every deep URL (93 of 103 ref domains point at the root), so there is no page-level link equity to preserve. ES/DE/PT buying demand is negligible (Semrush PA db: 32 kws / 190 total vol) and these pages actively cannibalise their own English originals. All 405 earned 30 clicks in 119 days combined (~0.25/day). Use 410 rather than 404: unambiguous and de-indexed faster. Retain source files in git.",P1
https://panamarealestateguide.com/pt/news/international-living-ranking.html,/pt/news/international-living-ranking.html,pt,news,0,0,,Remove,410 Gone,,GSC 119d: 0 clicks / 0 impr,"Machine-translated duplicate. Verified safe to delete: Semrush Top Pages shows 0 referring domains on every deep URL (93 of 103 ref domains point at the root), so there is no page-level link equity to preserve. ES/DE/PT buying demand is negligible (Semrush PA db: 32 kws / 190 total vol) and these pages actively cannibalise their own English originals. All 405 earned 30 clicks in 119 days combined (~0.25/day). Use 410 rather than 404: unambiguous and de-indexed faster. Retain source files in git.",P1
https://panamarealestateguide.com/de/news/international-living-ranking.html,/de/news/international-living-ranking.html,de,news,0,0,,Remove,410 Gone,,GSC 119d: 0 clicks / 0 impr,"Machine-translated duplicate. Verified safe to delete: Semrush Top Pages shows 0 referring domains on every deep URL (93 of 103 ref domains point at the root), so there is no page-level link equity to preserve. ES/DE/PT buying demand is negligible (Semrush PA db: 32 kws / 190 total vol) and these pages actively cannibalise their own English originals. All 405 earned 30 clicks in 119 days combined (~0.25/day). Use 410 rather than 404: unambiguous and de-indexed faster. Retain source files in git.",P1
https://panamarealestateguide.com/news/metro-linea-3-monorail-tests.html,/news/metro-linea-3-monorail-tests.html,en,news,0,0,,Consolidate,301,https://panamarealestateguide.com/articles/panama-real-estate-market-2026.html,GSC 119d: 0 clicks / 0 impr,Dated micro-news with no demand. Roll the durable facts into the market pillar as a timeline; redirect. Avoids a graveyard of stale one-paragraph posts.,P3
https://panamarealestateguide.com/es/news/metro-linea-3-monorail-tests.html,/es/news/metro-linea-3-monorail-tests.html,es,news,0,0,,Remove,410 Gone,,GSC 119d: 0 clicks / 0 impr,"Machine-translated duplicate. Verified safe to delete: Semrush Top Pages shows 0 referring domains on every deep URL (93 of 103 ref domains point at the root), so there is no page-level link equity to preserve. ES/DE/PT buying demand is negligible (Semrush PA db: 32 kws / 190 total vol) and these pages actively cannibalise their own English originals. All 405 earned 30 clicks in 119 days combined (~0.25/day). Use 410 rather than 404: unambiguous and de-indexed faster. Retain source files in git.",P1
https://panamarealestateguide.com/pt/news/metro-linea-3-monorail-tests.html,/pt/news/metro-linea-3-monorail-tests.html,pt,news,0,0,,Remove,410 Gone,,GSC 119d: 0 clicks / 0 impr,"Machine-translated duplicate. Verified safe to delete: Semrush Top Pages shows 0 referring domains on every deep URL (93 of 103 ref domains point at the root), so there is no page-level link equity to preserve. ES/DE/PT buying demand is negligible (Semrush PA db: 32 kws / 190 total vol) and these pages actively cannibalise their own English originals. All 405 earned 30 clicks in 119 days combined (~0.25/day). Use 410 rather than 404: unambiguous and de-indexed faster. Retain source files in git.",P1
https://panamarealestateguide.com/de/news/metro-linea-3-monorail-tests.html,/de/news/metro-linea-3-monorail-tests.html,de,news,0,0,,Remove,410 Gone,,GSC 119d: 0 clicks / 0 impr,"Machine-translated duplicate. Verified safe to delete: Semrush Top Pages shows 0 referring domains on every deep URL (93 of 103 ref domains point at the root), so there is no page-level link equity to preserve. ES/DE/PT buying demand is negligible (Semrush PA db: 32 kws / 190 total vol) and these pages actively cannibalise their own English originals. All 405 earned 30 clicks in 119 days combined (~0.25/day). Use 410 rather than 404: unambiguous and de-indexed faster. Retain source files in git.",P1
https://panamarealestateguide.com/news/metro-puente-cuarto-2026.html,/news/metro-puente-cuarto-2026.html,en,news,0,0,,Consolidate,301,https://panamarealestateguide.com/articles/panama-real-estate-market-2026.html,GSC 119d: 0 clicks / 0 impr,Dated micro-news with no demand. Roll the durable facts into the market pillar as a timeline; redirect. Avoids a graveyard of stale one-paragraph posts.,P3
https://panamarealestateguide.com/es/news/metro-puente-cuarto-2026.html,/es/news/metro-puente-cuarto-2026.html,es,news,0,0,,Remove,410 Gone,,GSC 119d: 0 clicks / 0 impr,"Machine-translated duplicate. Verified safe to delete: Semrush Top Pages shows 0 referring domains on every deep URL (93 of 103 ref domains point at the root), so there is no page-level link equity to preserve. ES/DE/PT buying demand is negligible (Semrush PA db: 32 kws / 190 total vol) and these pages actively cannibalise their own English originals. All 405 earned 30 clicks in 119 days combined (~0.25/day). Use 410 rather than 404: unambiguous and de-indexed faster. Retain source files in git.",P1
https://panamarealestateguide.com/pt/news/metro-puente-cuarto-2026.html,/pt/news/metro-puente-cuarto-2026.html,pt,news,0,0,,Remove,410 Gone,,GSC 119d: 0 clicks / 0 impr,"Machine-translated duplicate. Verified safe to delete: Semrush Top Pages shows 0 referring domains on every deep URL (93 of 103 ref domains point at the root), so there is no page-level link equity to preserve. ES/DE/PT buying demand is negligible (Semrush PA db: 32 kws / 190 total vol) and these pages actively cannibalise their own English originals. All 405 earned 30 clicks in 119 days combined (~0.25/day). Use 410 rather than 404: unambiguous and de-indexed faster. Retain source files in git.",P1
https://panamarealestateguide.com/de/news/metro-puente-cuarto-2026.html,/de/news/metro-puente-cuarto-2026.html,de,news,0,0,,Remove,410 Gone,,GSC 119d: 0 clicks / 0 impr,"Machine-translated duplicate. Verified safe to delete: Semrush Top Pages shows 0 referring domains on every deep URL (93 of 103 ref domains point at the root), so there is no page-level link equity to preserve. ES/DE/PT buying demand is negligible (Semrush PA db: 32 kws / 190 total vol) and these pages actively cannibalise their own English originals. All 405 earned 30 clicks in 119 days combined (~0.25/day). Use 410 rather than 404: unambiguous and de-indexed faster. Retain source files in git.",P1
https://panamarealestateguide.com/news/new-tax-incentive.html,/news/new-tax-incentive.html,en,news,0,154,6.1,Keep,no change,,GSC 119d: 0 clicks / 154 impr / avg pos 6.1,News item with residual impressions. Low value but harmless; retain for freshness signals.,P3
https://panamarealestateguide.com/es/news/new-tax-incentive.html,/es/news/new-tax-incentive.html,es,news,0,0,,Remove,410 Gone,,GSC 119d: 0 clicks / 0 impr,"Machine-translated duplicate. Verified safe to delete: Semrush Top Pages shows 0 referring domains on every deep URL (93 of 103 ref domains point at the root), so there is no page-level link equity to preserve. ES/DE/PT buying demand is negligible (Semrush PA db: 32 kws / 190 total vol) and these pages actively cannibalise their own English originals. All 405 earned 30 clicks in 119 days combined (~0.25/day). Use 410 rather than 404: unambiguous and de-indexed faster. Retain source files in git.",P1
https://panamarealestateguide.com/pt/news/new-tax-incentive.html,/pt/news/new-tax-incentive.html,pt,news,0,0,,Remove,410 Gone,,GSC 119d: 0 clicks / 0 impr,"Machine-translated duplicate. Verified safe to delete: Semrush Top Pages shows 0 referring domains on every deep URL (93 of 103 ref domains point at the root), so there is no page-level link equity to preserve. ES/DE/PT buying demand is negligible (Semrush PA db: 32 kws / 190 total vol) and these pages actively cannibalise their own English originals. All 405 earned 30 clicks in 119 days combined (~0.25/day). Use 410 rather than 404: unambiguous and de-indexed faster. Retain source files in git.",P1
https://panamarealestateguide.com/de/news/new-tax-incentive.html,/de/news/new-tax-incentive.html,de,news,0,0,,Remove,410 Gone,,GSC 119d: 0 clicks / 0 impr,"Machine-translated duplicate. Verified safe to delete: Semrush Top Pages shows 0 referring domains on every deep URL (93 of 103 ref domains point at the root), so there is no page-level link equity to preserve. ES/DE/PT buying demand is negligible (Semrush PA db: 32 kws / 190 total vol) and these pages actively cannibalise their own English originals. All 405 earned 30 clicks in 119 days combined (~0.25/day). Use 410 rather than 404: unambiguous and de-indexed faster. Retain source files in git.",P1
https://panamarealestateguide.com/news/palma-blanca-phase-i-sellout.html,/news/palma-blanca-phase-i-sellout.html,en,news,0,0,,Consolidate,301,https://panamarealestateguide.com/articles/panama-real-estate-market-2026.html,GSC 119d: 0 clicks / 0 impr,Dated micro-news with no demand. Roll the durable facts into the market pillar as a timeline; redirect. Avoids a graveyard of stale one-paragraph posts.,P3
https://panamarealestateguide.com/es/news/palma-blanca-phase-i-sellout.html,/es/news/palma-blanca-phase-i-sellout.html,es,news,0,0,,Remove,410 Gone,,GSC 119d: 0 clicks / 0 impr,"Machine-translated duplicate. Verified safe to delete: Semrush Top Pages shows 0 referring domains on every deep URL (93 of 103 ref domains point at the root), so there is no page-level link equity to preserve. ES/DE/PT buying demand is negligible (Semrush PA db: 32 kws / 190 total vol) and these pages actively cannibalise their own English originals. All 405 earned 30 clicks in 119 days combined (~0.25/day). Use 410 rather than 404: unambiguous and de-indexed faster. Retain source files in git.",P1
https://panamarealestateguide.com/pt/news/palma-blanca-phase-i-sellout.html,/pt/news/palma-blanca-phase-i-sellout.html,pt,news,0,0,,Remove,410 Gone,,GSC 119d: 0 clicks / 0 impr,"Machine-translated duplicate. Verified safe to delete: Semrush Top Pages shows 0 referring domains on every deep URL (93 of 103 ref domains point at the root), so there is no page-level link equity to preserve. ES/DE/PT buying demand is negligible (Semrush PA db: 32 kws / 190 total vol) and these pages actively cannibalise their own English originals. All 405 earned 30 clicks in 119 days combined (~0.25/day). Use 410 rather than 404: unambiguous and de-indexed faster. Retain source files in git.",P1
https://panamarealestateguide.com/de/news/palma-blanca-phase-i-sellout.html,/de/news/palma-blanca-phase-i-sellout.html,de,news,0,0,,Remove,410 Gone,,GSC 119d: 0 clicks / 0 impr,"Machine-translated duplicate. Verified safe to delete: Semrush Top Pages shows 0 referring domains on every deep URL (93 of 103 ref domains point at the root), so there is no page-level link equity to preserve. ES/DE/PT buying demand is negligible (Semrush PA db: 32 kws / 190 total vol) and these pages actively cannibalise their own English originals. All 405 earned 30 clicks in 119 days combined (~0.25/day). Use 410 rather than 404: unambiguous and de-indexed faster. Retain source files in git.",P1
https://panamarealestateguide.com/news/palma-blanca-phase-ii.html,/news/palma-blanca-phase-ii.html,en,news,0,0,,Consolidate,301,https://panamarealestateguide.com/articles/panama-real-estate-market-2026.html,GSC 119d: 0 clicks / 0 impr,Dated micro-news with no demand. Roll the durable facts into the market pillar as a timeline; redirect. Avoids a graveyard of stale one-paragraph posts.,P3
https://panamarealestateguide.com/es/news/palma-blanca-phase-ii.html,/es/news/palma-blanca-phase-ii.html,es,news,0,0,,Remove,410 Gone,,GSC 119d: 0 clicks / 0 impr,"Machine-translated duplicate. Verified safe to delete: Semrush Top Pages shows 0 referring domains on every deep URL (93 of 103 ref domains point at the root), so there is no page-level link equity to preserve. ES/DE/PT buying demand is negligible (Semrush PA db: 32 kws / 190 total vol) and these pages actively cannibalise their own English originals. All 405 earned 30 clicks in 119 days combined (~0.25/day). Use 410 rather than 404: unambiguous and de-indexed faster. Retain source files in git.",P1
https://panamarealestateguide.com/pt/news/palma-blanca-phase-ii.html,/pt/news/palma-blanca-phase-ii.html,pt,news,0,0,,Remove,410 Gone,,GSC 119d: 0 clicks / 0 impr,"Machine-translated duplicate. Verified safe to delete: Semrush Top Pages shows 0 referring domains on every deep URL (93 of 103 ref domains point at the root), so there is no page-level link equity to preserve. ES/DE/PT buying demand is negligible (Semrush PA db: 32 kws / 190 total vol) and these pages actively cannibalise their own English originals. All 405 earned 30 clicks in 119 days combined (~0.25/day). Use 410 rather than 404: unambiguous and de-indexed faster. Retain source files in git.",P1
https://panamarealestateguide.com/de/news/palma-blanca-phase-ii.html,/de/news/palma-blanca-phase-ii.html,de,news,0,0,,Remove,410 Gone,,GSC 119d: 0 clicks / 0 impr,"Machine-translated duplicate. Verified safe to delete: Semrush Top Pages shows 0 referring domains on every deep URL (93 of 103 ref domains point at the root), so there is no page-level link equity to preserve. ES/DE/PT buying demand is negligible (Semrush PA db: 32 kws / 190 total vol) and these pages actively cannibalise their own English originals. All 405 earned 30 clicks in 119 days combined (~0.25/day). Use 410 rather than 404: unambiguous and de-indexed faster. Retain source files in git.",P1
https://panamarealestateguide.com/news/panama-pacifico-logistics-hub.html,/news/panama-pacifico-logistics-hub.html,en,news,0,0,,Consolidate,301,https://panamarealestateguide.com/articles/panama-real-estate-market-2026.html,GSC 119d: 0 clicks / 0 impr,Dated micro-news with no demand. Roll the durable facts into the market pillar as a timeline; redirect. Avoids a graveyard of stale one-paragraph posts.,P3
https://panamarealestateguide.com/es/news/panama-pacifico-logistics-hub.html,/es/news/panama-pacifico-logistics-hub.html,es,news,0,0,,Remove,410 Gone,,GSC 119d: 0 clicks / 0 impr,"Machine-translated duplicate. Verified safe to delete: Semrush Top Pages shows 0 referring domains on every deep URL (93 of 103 ref domains point at the root), so there is no page-level link equity to preserve. ES/DE/PT buying demand is negligible (Semrush PA db: 32 kws / 190 total vol) and these pages actively cannibalise their own English originals. All 405 earned 30 clicks in 119 days combined (~0.25/day). Use 410 rather than 404: unambiguous and de-indexed faster. Retain source files in git.",P1
https://panamarealestateguide.com/pt/news/panama-pacifico-logistics-hub.html,/pt/news/panama-pacifico-logistics-hub.html,pt,news,0,0,,Remove,410 Gone,,GSC 119d: 0 clicks / 0 impr,"Machine-translated duplicate. Verified safe to delete: Semrush Top Pages shows 0 referring domains on every deep URL (93 of 103 ref domains point at the root), so there is no page-level link equity to preserve. ES/DE/PT buying demand is negligible (Semrush PA db: 32 kws / 190 total vol) and these pages actively cannibalise their own English originals. All 405 earned 30 clicks in 119 days combined (~0.25/day). Use 410 rather than 404: unambiguous and de-indexed faster. Retain source files in git.",P1
https://panamarealestateguide.com/de/news/panama-pacifico-logistics-hub.html,/de/news/panama-pacifico-logistics-hub.html,de,news,0,0,,Remove,410 Gone,,GSC 119d: 0 clicks / 0 impr,"Machine-translated duplicate. Verified safe to delete: Semrush Top Pages shows 0 referring domains on every deep URL (93 of 103 ref domains point at the root), so there is no page-level link equity to preserve. ES/DE/PT buying demand is negligible (Semrush PA db: 32 kws / 190 total vol) and these pages actively cannibalise their own English originals. All 405 earned 30 clicks in 119 days combined (~0.25/day). Use 410 rather than 404: unambiguous and de-indexed faster. Retain source files in git.",P1
https://panamarealestateguide.com/news/pedasi-cultural-center.html,/news/pedasi-cultural-center.html,en,news,0,0,,Consolidate,301,https://panamarealestateguide.com/articles/panama-real-estate-market-2026.html,GSC 119d: 0 clicks / 0 impr,Dated micro-news with no demand. Roll the durable facts into the market pillar as a timeline; redirect. Avoids a graveyard of stale one-paragraph posts.,P3
https://panamarealestateguide.com/es/news/pedasi-cultural-center.html,/es/news/pedasi-cultural-center.html,es,news,0,0,,Remove,410 Gone,,GSC 119d: 0 clicks / 0 impr,"Machine-translated duplicate. Verified safe to delete: Semrush Top Pages shows 0 referring domains on every deep URL (93 of 103 ref domains point at the root), so there is no page-level link equity to preserve. ES/DE/PT buying demand is negligible (Semrush PA db: 32 kws / 190 total vol) and these pages actively cannibalise their own English originals. All 405 earned 30 clicks in 119 days combined (~0.25/day). Use 410 rather than 404: unambiguous and de-indexed faster. Retain source files in git.",P1
https://panamarealestateguide.com/pt/news/pedasi-cultural-center.html,/pt/news/pedasi-cultural-center.html,pt,news,0,0,,Remove,410 Gone,,GSC 119d: 0 clicks / 0 impr,"Machine-translated duplicate. Verified safe to delete: Semrush Top Pages shows 0 referring domains on every deep URL (93 of 103 ref domains point at the root), so there is no page-level link equity to preserve. ES/DE/PT buying demand is negligible (Semrush PA db: 32 kws / 190 total vol) and these pages actively cannibalise their own English originals. All 405 earned 30 clicks in 119 days combined (~0.25/day). Use 410 rather than 404: unambiguous and de-indexed faster. Retain source files in git.",P1
https://panamarealestateguide.com/de/news/pedasi-cultural-center.html,/de/news/pedasi-cultural-center.html,de,news,0,0,,Remove,410 Gone,,GSC 119d: 0 clicks / 0 impr,"Machine-translated duplicate. Verified safe to delete: Semrush Top Pages shows 0 referring domains on every deep URL (93 of 103 ref domains point at the root), so there is no page-level link equity to preserve. ES/DE/PT buying demand is negligible (Semrush PA db: 32 kws / 190 total vol) and these pages actively cannibalise their own English originals. All 405 earned 30 clicks in 119 days combined (~0.25/day). Use 410 rather than 404: unambiguous and de-indexed faster. Retain source files in git.",P1
https://panamarealestateguide.com/news/pedasi-water-plant.html,/news/pedasi-water-plant.html,en,news,0,0,,Consolidate,301,https://panamarealestateguide.com/articles/panama-real-estate-market-2026.html,GSC 119d: 0 clicks / 0 impr,Dated micro-news with no demand. Roll the durable facts into the market pillar as a timeline; redirect. Avoids a graveyard of stale one-paragraph posts.,P3
https://panamarealestateguide.com/es/news/pedasi-water-plant.html,/es/news/pedasi-water-plant.html,es,news,0,0,,Remove,410 Gone,,GSC 119d: 0 clicks / 0 impr,"Machine-translated duplicate. Verified safe to delete: Semrush Top Pages shows 0 referring domains on every deep URL (93 of 103 ref domains point at the root), so there is no page-level link equity to preserve. ES/DE/PT buying demand is negligible (Semrush PA db: 32 kws / 190 total vol) and these pages actively cannibalise their own English originals. All 405 earned 30 clicks in 119 days combined (~0.25/day). Use 410 rather than 404: unambiguous and de-indexed faster. Retain source files in git.",P1
https://panamarealestateguide.com/pt/news/pedasi-water-plant.html,/pt/news/pedasi-water-plant.html,pt,news,0,0,,Remove,410 Gone,,GSC 119d: 0 clicks / 0 impr,"Machine-translated duplicate. Verified safe to delete: Semrush Top Pages shows 0 referring domains on every deep URL (93 of 103 ref domains point at the root), so there is no page-level link equity to preserve. ES/DE/PT buying demand is negligible (Semrush PA db: 32 kws / 190 total vol) and these pages actively cannibalise their own English originals. All 405 earned 30 clicks in 119 days combined (~0.25/day). Use 410 rather than 404: unambiguous and de-indexed faster. Retain source files in git.",P1
https://panamarealestateguide.com/de/news/pedasi-water-plant.html,/de/news/pedasi-water-plant.html,de,news,0,0,,Remove,410 Gone,,GSC 119d: 0 clicks / 0 impr,"Machine-translated duplicate. Verified safe to delete: Semrush Top Pages shows 0 referring domains on every deep URL (93 of 103 ref domains point at the root), so there is no page-level link equity to preserve. ES/DE/PT buying demand is negligible (Semrush PA db: 32 kws / 190 total vol) and these pages actively cannibalise their own English originals. All 405 earned 30 clicks in 119 days combined (~0.25/day). Use 410 rather than 404: unambiguous and de-indexed faster. Retain source files in git.",P1
https://panamarealestateguide.com/news/pib-cobre-reactivacion.html,/news/pib-cobre-reactivacion.html,en,news,0,0,,Consolidate,301,https://panamarealestateguide.com/articles/panama-real-estate-market-2026.html,GSC 119d: 0 clicks / 0 impr,Dated micro-news with no demand. Roll the durable facts into the market pillar as a timeline; redirect. Avoids a graveyard of stale one-paragraph posts.,P3
https://panamarealestateguide.com/es/news/pib-cobre-reactivacion.html,/es/news/pib-cobre-reactivacion.html,es,news,0,0,,Remove,410 Gone,,GSC 119d: 0 clicks / 0 impr,"Machine-translated duplicate. Verified safe to delete: Semrush Top Pages shows 0 referring domains on every deep URL (93 of 103 ref domains point at the root), so there is no page-level link equity to preserve. ES/DE/PT buying demand is negligible (Semrush PA db: 32 kws / 190 total vol) and these pages actively cannibalise their own English originals. All 405 earned 30 clicks in 119 days combined (~0.25/day). Use 410 rather than 404: unambiguous and de-indexed faster. Retain source files in git.",P1
https://panamarealestateguide.com/pt/news/pib-cobre-reactivacion.html,/pt/news/pib-cobre-reactivacion.html,pt,news,0,0,,Remove,410 Gone,,GSC 119d: 0 clicks / 0 impr,"Machine-translated duplicate. Verified safe to delete: Semrush Top Pages shows 0 referring domains on every deep URL (93 of 103 ref domains point at the root), so there is no page-level link equity to preserve. ES/DE/PT buying demand is negligible (Semrush PA db: 32 kws / 190 total vol) and these pages actively cannibalise their own English originals. All 405 earned 30 clicks in 119 days combined (~0.25/day). Use 410 rather than 404: unambiguous and de-indexed faster. Retain source files in git.",P1
https://panamarealestateguide.com/de/news/pib-cobre-reactivacion.html,/de/news/pib-cobre-reactivacion.html,de,news,0,0,,Remove,410 Gone,,GSC 119d: 0 clicks / 0 impr,"Machine-translated duplicate. Verified safe to delete: Semrush Top Pages shows 0 referring domains on every deep URL (93 of 103 ref domains point at the root), so there is no page-level link equity to preserve. ES/DE/PT buying demand is negligible (Semrush PA db: 32 kws / 190 total vol) and these pages actively cannibalise their own English originals. All 405 earned 30 clicks in 119 days combined (~0.25/day). Use 410 rather than 404: unambiguous and de-indexed faster. Retain source files in git.",P1
https://panamarealestateguide.com/news/q4-2025-absorption.html,/news/q4-2025-absorption.html,en,news,0,0,,Consolidate,301,https://panamarealestateguide.com/articles/panama-real-estate-market-2026.html,GSC 119d: 0 clicks / 0 impr,Dated micro-news with no demand. Roll the durable facts into the market pillar as a timeline; redirect. Avoids a graveyard of stale one-paragraph posts.,P3
https://panamarealestateguide.com/es/news/q4-2025-absorption.html,/es/news/q4-2025-absorption.html,es,news,0,0,,Remove,410 Gone,,GSC 119d: 0 clicks / 0 impr,"Machine-translated duplicate. Verified safe to delete: Semrush Top Pages shows 0 referring domains on every deep URL (93 of 103 ref domains point at the root), so there is no page-level link equity to preserve. ES/DE/PT buying demand is negligible (Semrush PA db: 32 kws / 190 total vol) and these pages actively cannibalise their own English originals. All 405 earned 30 clicks in 119 days combined (~0.25/day). Use 410 rather than 404: unambiguous and de-indexed faster. Retain source files in git.",P1
https://panamarealestateguide.com/pt/news/q4-2025-absorption.html,/pt/news/q4-2025-absorption.html,pt,news,0,0,,Remove,410 Gone,,GSC 119d: 0 clicks / 0 impr,"Machine-translated duplicate. Verified safe to delete: Semrush Top Pages shows 0 referring domains on every deep URL (93 of 103 ref domains point at the root), so there is no page-level link equity to preserve. ES/DE/PT buying demand is negligible (Semrush PA db: 32 kws / 190 total vol) and these pages actively cannibalise their own English originals. All 405 earned 30 clicks in 119 days combined (~0.25/day). Use 410 rather than 404: unambiguous and de-indexed faster. Retain source files in git.",P1
https://panamarealestateguide.com/de/news/q4-2025-absorption.html,/de/news/q4-2025-absorption.html,de,news,0,0,,Remove,410 Gone,,GSC 119d: 0 clicks / 0 impr,"Machine-translated duplicate. Verified safe to delete: Semrush Top Pages shows 0 referring domains on every deep URL (93 of 103 ref domains point at the root), so there is no page-level link equity to preserve. ES/DE/PT buying demand is negligible (Semrush PA db: 32 kws / 190 total vol) and these pages actively cannibalise their own English originals. All 405 earned 30 clicks in 119 days combined (~0.25/day). Use 410 rather than 404: unambiguous and de-indexed faster. Retain source files in git.",P1
https://panamarealestateguide.com/news/santa-maria-este-launch.html,/news/santa-maria-este-launch.html,en,news,0,0,,Consolidate,301,https://panamarealestateguide.com/articles/panama-real-estate-market-2026.html,GSC 119d: 0 clicks / 0 impr,Dated micro-news with no demand. Roll the durable facts into the market pillar as a timeline; redirect. Avoids a graveyard of stale one-paragraph posts.,P3
https://panamarealestateguide.com/es/news/santa-maria-este-launch.html,/es/news/santa-maria-este-launch.html,es,news,0,0,,Remove,410 Gone,,GSC 119d: 0 clicks / 0 impr,"Machine-translated duplicate. Verified safe to delete: Semrush Top Pages shows 0 referring domains on every deep URL (93 of 103 ref domains point at the root), so there is no page-level link equity to preserve. ES/DE/PT buying demand is negligible (Semrush PA db: 32 kws / 190 total vol) and these pages actively cannibalise their own English originals. All 405 earned 30 clicks in 119 days combined (~0.25/day). Use 410 rather than 404: unambiguous and de-indexed faster. Retain source files in git.",P1
https://panamarealestateguide.com/pt/news/santa-maria-este-launch.html,/pt/news/santa-maria-este-launch.html,pt,news,0,0,,Remove,410 Gone,,GSC 119d: 0 clicks / 0 impr,"Machine-translated duplicate. Verified safe to delete: Semrush Top Pages shows 0 referring domains on every deep URL (93 of 103 ref domains point at the root), so there is no page-level link equity to preserve. ES/DE/PT buying demand is negligible (Semrush PA db: 32 kws / 190 total vol) and these pages actively cannibalise their own English originals. All 405 earned 30 clicks in 119 days combined (~0.25/day). Use 410 rather than 404: unambiguous and de-indexed faster. Retain source files in git.",P1
https://panamarealestateguide.com/de/news/santa-maria-este-launch.html,/de/news/santa-maria-este-launch.html,de,news,0,0,,Remove,410 Gone,,GSC 119d: 0 clicks / 0 impr,"Machine-translated duplicate. Verified safe to delete: Semrush Top Pages shows 0 referring domains on every deep URL (93 of 103 ref domains point at the root), so there is no page-level link equity to preserve. ES/DE/PT buying demand is negligible (Semrush PA db: 32 kws / 190 total vol) and these pages actively cannibalise their own English originals. All 405 earned 30 clicks in 119 days combined (~0.25/day). Use 410 rather than 404: unambiguous and de-indexed faster. Retain source files in git.",P1
https://panamarealestateguide.com/news/semiconductor-strategy-105m.html,/news/semiconductor-strategy-105m.html,en,news,0,0,,Consolidate,301,https://panamarealestateguide.com/articles/panama-real-estate-market-2026.html,GSC 119d: 0 clicks / 0 impr,Dated micro-news with no demand. Roll the durable facts into the market pillar as a timeline; redirect. Avoids a graveyard of stale one-paragraph posts.,P3
https://panamarealestateguide.com/es/news/semiconductor-strategy-105m.html,/es/news/semiconductor-strategy-105m.html,es,news,0,0,,Remove,410 Gone,,GSC 119d: 0 clicks / 0 impr,"Machine-translated duplicate. Verified safe to delete: Semrush Top Pages shows 0 referring domains on every deep URL (93 of 103 ref domains point at the root), so there is no page-level link equity to preserve. ES/DE/PT buying demand is negligible (Semrush PA db: 32 kws / 190 total vol) and these pages actively cannibalise their own English originals. All 405 earned 30 clicks in 119 days combined (~0.25/day). Use 410 rather than 404: unambiguous and de-indexed faster. Retain source files in git.",P1
https://panamarealestateguide.com/pt/news/semiconductor-strategy-105m.html,/pt/news/semiconductor-strategy-105m.html,pt,news,0,0,,Remove,410 Gone,,GSC 119d: 0 clicks / 0 impr,"Machine-translated duplicate. Verified safe to delete: Semrush Top Pages shows 0 referring domains on every deep URL (93 of 103 ref domains point at the root), so there is no page-level link equity to preserve. ES/DE/PT buying demand is negligible (Semrush PA db: 32 kws / 190 total vol) and these pages actively cannibalise their own English originals. All 405 earned 30 clicks in 119 days combined (~0.25/day). Use 410 rather than 404: unambiguous and de-indexed faster. Retain source files in git.",P1
https://panamarealestateguide.com/de/news/semiconductor-strategy-105m.html,/de/news/semiconductor-strategy-105m.html,de,news,0,0,,Remove,410 Gone,,GSC 119d: 0 clicks / 0 impr,"Machine-translated duplicate. Verified safe to delete: Semrush Top Pages shows 0 referring domains on every deep URL (93 of 103 ref domains point at the root), so there is no page-level link equity to preserve. ES/DE/PT buying demand is negligible (Semrush PA db: 32 kws / 190 total vol) and these pages actively cannibalise their own English originals. All 405 earned 30 clicks in 119 days combined (~0.25/day). Use 410 rather than 404: unambiguous and de-indexed faster. Retain source files in git.",P1
https://panamarealestateguide.com/news/tocumen-terminal-2-expansion.html,/news/tocumen-terminal-2-expansion.html,en,news,3,41,7.7,Keep,no change,,GSC 119d: 3 clicks / 41 impr / avg pos 7.7,News item with residual impressions. Low value but harmless; retain for freshness signals.,P3
https://panamarealestateguide.com/es/news/tocumen-terminal-2-expansion.html,/es/news/tocumen-terminal-2-expansion.html,es,news,2,9,13.6,Remove,410 Gone,,GSC 119d: 2 clicks / 9 impr / avg pos 13.6,"Machine-translated duplicate. Verified safe to delete: Semrush Top Pages shows 0 referring domains on every deep URL (93 of 103 ref domains point at the root), so there is no page-level link equity to preserve. ES/DE/PT buying demand is negligible (Semrush PA db: 32 kws / 190 total vol) and these pages actively cannibalise their own English originals. All 405 earned 30 clicks in 119 days combined (~0.25/day). Use 410 rather than 404: unambiguous and de-indexed faster. Retain source files in git.",P1
https://panamarealestateguide.com/pt/news/tocumen-terminal-2-expansion.html,/pt/news/tocumen-terminal-2-expansion.html,pt,news,2,5,3.6,Remove,410 Gone,,GSC 119d: 2 clicks / 5 impr / avg pos 3.6,"Machine-translated duplicate. Verified safe to delete: Semrush Top Pages shows 0 referring domains on every deep URL (93 of 103 ref domains point at the root), so there is no page-level link equity to preserve. ES/DE/PT buying demand is negligible (Semrush PA db: 32 kws / 190 total vol) and these pages actively cannibalise their own English originals. All 405 earned 30 clicks in 119 days combined (~0.25/day). Use 410 rather than 404: unambiguous and de-indexed faster. Retain source files in git.",P1
https://panamarealestateguide.com/de/news/tocumen-terminal-2-expansion.html,/de/news/tocumen-terminal-2-expansion.html,de,news,0,0,,Remove,410 Gone,,GSC 119d: 0 clicks / 0 impr,"Machine-translated duplicate. Verified safe to delete: Semrush Top Pages shows 0 referring domains on every deep URL (93 of 103 ref domains point at the root), so there is no page-level link equity to preserve. ES/DE/PT buying demand is negligible (Semrush PA db: 32 kws / 190 total vol) and these pages actively cannibalise their own English originals. All 405 earned 30 clicks in 119 days combined (~0.25/day). Use 410 rather than 404: unambiguous and de-indexed faster. Retain source files in git.",P1
https://panamarealestateguide.com/news/world-bank-4-percent-forecast.html,/news/world-bank-4-percent-forecast.html,en,news,0,0,,Consolidate,301,https://panamarealestateguide.com/articles/panama-real-estate-market-2026.html,GSC 119d: 0 clicks / 0 impr,Dated micro-news with no demand. Roll the durable facts into the market pillar as a timeline; redirect. Avoids a graveyard of stale one-paragraph posts.,P3
https://panamarealestateguide.com/es/news/world-bank-4-percent-forecast.html,/es/news/world-bank-4-percent-forecast.html,es,news,0,0,,Remove,410 Gone,,GSC 119d: 0 clicks / 0 impr,"Machine-translated duplicate. Verified safe to delete: Semrush Top Pages shows 0 referring domains on every deep URL (93 of 103 ref domains point at the root), so there is no page-level link equity to preserve. ES/DE/PT buying demand is negligible (Semrush PA db: 32 kws / 190 total vol) and these pages actively cannibalise their own English originals. All 405 earned 30 clicks in 119 days combined (~0.25/day). Use 410 rather than 404: unambiguous and de-indexed faster. Retain source files in git.",P1
https://panamarealestateguide.com/pt/news/world-bank-4-percent-forecast.html,/pt/news/world-bank-4-percent-forecast.html,pt,news,0,0,,Remove,410 Gone,,GSC 119d: 0 clicks / 0 impr,"Machine-translated duplicate. Verified safe to delete: Semrush Top Pages shows 0 referring domains on every deep URL (93 of 103 ref domains point at the root), so there is no page-level link equity to preserve. ES/DE/PT buying demand is negligible (Semrush PA db: 32 kws / 190 total vol) and these pages actively cannibalise their own English originals. All 405 earned 30 clicks in 119 days combined (~0.25/day). Use 410 rather than 404: unambiguous and de-indexed faster. Retain source files in git.",P1
https://panamarealestateguide.com/de/news/world-bank-4-percent-forecast.html,/de/news/world-bank-4-percent-forecast.html,de,news,0,0,,Remove,410 Gone,,GSC 119d: 0 clicks / 0 impr,"Machine-translated duplicate. Verified safe to delete: Semrush Top Pages shows 0 referring domains on every deep URL (93 of 103 ref domains point at the root), so there is no page-level link equity to preserve. ES/DE/PT buying demand is negligible (Semrush PA db: 32 kws / 190 total vol) and these pages actively cannibalise their own English originals. All 405 earned 30 clicks in 119 days combined (~0.25/day). Use 410 rather than 404: unambiguous and de-indexed faster. Retain source files in git.",P1
https://panamarealestateguide.com/news/wsj-panama-feature.html,/news/wsj-panama-feature.html,en,news,0,0,,Consolidate,301,https://panamarealestateguide.com/articles/panama-real-estate-market-2026.html,GSC 119d: 0 clicks / 0 impr,Dated micro-news with no demand. Roll the durable facts into the market pillar as a timeline; redirect. Avoids a graveyard of stale one-paragraph posts.,P3
https://panamarealestateguide.com/es/news/wsj-panama-feature.html,/es/news/wsj-panama-feature.html,es,news,0,0,,Remove,410 Gone,,GSC 119d: 0 clicks / 0 impr,"Machine-translated duplicate. Verified safe to delete: Semrush Top Pages shows 0 referring domains on every deep URL (93 of 103 ref domains point at the root), so there is no page-level link equity to preserve. ES/DE/PT buying demand is negligible (Semrush PA db: 32 kws / 190 total vol) and these pages actively cannibalise their own English originals. All 405 earned 30 clicks in 119 days combined (~0.25/day). Use 410 rather than 404: unambiguous and de-indexed faster. Retain source files in git.",P1
https://panamarealestateguide.com/pt/news/wsj-panama-feature.html,/pt/news/wsj-panama-feature.html,pt,news,0,0,,Remove,410 Gone,,GSC 119d: 0 clicks / 0 impr,"Machine-translated duplicate. Verified safe to delete: Semrush Top Pages shows 0 referring domains on every deep URL (93 of 103 ref domains point at the root), so there is no page-level link equity to preserve. ES/DE/PT buying demand is negligible (Semrush PA db: 32 kws / 190 total vol) and these pages actively cannibalise their own English originals. All 405 earned 30 clicks in 119 days combined (~0.25/day). Use 410 rather than 404: unambiguous and de-indexed faster. Retain source files in git.",P1
https://panamarealestateguide.com/de/news/wsj-panama-feature.html,/de/news/wsj-panama-feature.html,de,news,0,0,,Remove,410 Gone,,GSC 119d: 0 clicks / 0 impr,"Machine-translated duplicate. Verified safe to delete: Semrush Top Pages shows 0 referring domains on every deep URL (93 of 103 ref domains point at the root), so there is no page-level link equity to preserve. ES/DE/PT buying demand is negligible (Semrush PA db: 32 kws / 190 total vol) and these pages actively cannibalise their own English originals. All 405 earned 30 clicks in 119 days combined (~0.25/day). Use 410 rather than 404: unambiguous and de-indexed faster. Retain source files in git.",P1
https://panamarealestateguide.com/videos/0wghjp6gjqm.html,/videos/0wghjp6gjqm.html,en,videos,0,0,,Noindex,"noindex,follow",,GSC 119d: 0 clicks / 0 impr,"Thin YouTube-embed wrapper, no unique text. Noindex rather than remove: these URLs may return as real pages once the videos are embedded on area and project pages.",P2
https://panamarealestateguide.com/es/videos/0wghjp6gjqm.html,/es/videos/0wghjp6gjqm.html,es,videos,0,0,,Remove,410 Gone,,GSC 119d: 0 clicks / 0 impr,"Machine-translated duplicate. Verified safe to delete: Semrush Top Pages shows 0 referring domains on every deep URL (93 of 103 ref domains point at the root), so there is no page-level link equity to preserve. ES/DE/PT buying demand is negligible (Semrush PA db: 32 kws / 190 total vol) and these pages actively cannibalise their own English originals. All 405 earned 30 clicks in 119 days combined (~0.25/day). Use 410 rather than 404: unambiguous and de-indexed faster. Retain source files in git.",P1
https://panamarealestateguide.com/pt/videos/0wghjp6gjqm.html,/pt/videos/0wghjp6gjqm.html,pt,videos,0,0,,Remove,410 Gone,,GSC 119d: 0 clicks / 0 impr,"Machine-translated duplicate. Verified safe to delete: Semrush Top Pages shows 0 referring domains on every deep URL (93 of 103 ref domains point at the root), so there is no page-level link equity to preserve. ES/DE/PT buying demand is negligible (Semrush PA db: 32 kws / 190 total vol) and these pages actively cannibalise their own English originals. All 405 earned 30 clicks in 119 days combined (~0.25/day). Use 410 rather than 404: unambiguous and de-indexed faster. Retain source files in git.",P1
https://panamarealestateguide.com/de/videos/0wghjp6gjqm.html,/de/videos/0wghjp6gjqm.html,de,videos,0,0,,Remove,410 Gone,,GSC 119d: 0 clicks / 0 impr,"Machine-translated duplicate. Verified safe to delete: Semrush Top Pages shows 0 referring domains on every deep URL (93 of 103 ref domains point at the root), so there is no page-level link equity to preserve. ES/DE/PT buying demand is negligible (Semrush PA db: 32 kws / 190 total vol) and these pages actively cannibalise their own English originals. All 405 earned 30 clicks in 119 days combined (~0.25/day). Use 410 rather than 404: unambiguous and de-indexed faster. Retain source files in git.",P1
https://panamarealestateguide.com/videos/1fc4mqwkapc.html,/videos/1fc4mqwkapc.html,en,videos,1,3,46.0,Noindex,"noindex,follow",,GSC 119d: 1 clicks / 3 impr / avg pos 46.0,"Thin YouTube-embed wrapper, no unique text. Noindex rather than remove: these URLs may return as real pages once the videos are embedded on area and project pages.",P2
https://panamarealestateguide.com/es/videos/1fc4mqwkapc.html,/es/videos/1fc4mqwkapc.html,es,videos,0,0,,Remove,410 Gone,,GSC 119d: 0 clicks / 0 impr,"Machine-translated duplicate. Verified safe to delete: Semrush Top Pages shows 0 referring domains on every deep URL (93 of 103 ref domains point at the root), so there is no page-level link equity to preserve. ES/DE/PT buying demand is negligible (Semrush PA db: 32 kws / 190 total vol) and these pages actively cannibalise their own English originals. All 405 earned 30 clicks in 119 days combined (~0.25/day). Use 410 rather than 404: unambiguous and de-indexed faster. Retain source files in git.",P1
https://panamarealestateguide.com/pt/videos/1fc4mqwkapc.html,/pt/videos/1fc4mqwkapc.html,pt,videos,0,0,,Remove,410 Gone,,GSC 119d: 0 clicks / 0 impr,"Machine-translated duplicate. Verified safe to delete: Semrush Top Pages shows 0 referring domains on every deep URL (93 of 103 ref domains point at the root), so there is no page-level link equity to preserve. ES/DE/PT buying demand is negligible (Semrush PA db: 32 kws / 190 total vol) and these pages actively cannibalise their own English originals. All 405 earned 30 clicks in 119 days combined (~0.25/day). Use 410 rather than 404: unambiguous and de-indexed faster. Retain source files in git.",P1
https://panamarealestateguide.com/de/videos/1fc4mqwkapc.html,/de/videos/1fc4mqwkapc.html,de,videos,0,0,,Remove,410 Gone,,GSC 119d: 0 clicks / 0 impr,"Machine-translated duplicate. Verified safe to delete: Semrush Top Pages shows 0 referring domains on every deep URL (93 of 103 ref domains point at the root), so there is no page-level link equity to preserve. ES/DE/PT buying demand is negligible (Semrush PA db: 32 kws / 190 total vol) and these pages actively cannibalise their own English originals. All 405 earned 30 clicks in 119 days combined (~0.25/day). Use 410 rather than 404: unambiguous and de-indexed faster. Retain source files in git.",P1
https://panamarealestateguide.com/videos/26gtbsd4m24.html,/videos/26gtbsd4m24.html,en,videos,0,0,,Noindex,"noindex,follow",,GSC 119d: 0 clicks / 0 impr,"Thin YouTube-embed wrapper, no unique text. Noindex rather than remove: these URLs may return as real pages once the videos are embedded on area and project pages.",P2
https://panamarealestateguide.com/es/videos/26gtbsd4m24.html,/es/videos/26gtbsd4m24.html,es,videos,0,0,,Remove,410 Gone,,GSC 119d: 0 clicks / 0 impr,"Machine-translated duplicate. Verified safe to delete: Semrush Top Pages shows 0 referring domains on every deep URL (93 of 103 ref domains point at the root), so there is no page-level link equity to preserve. ES/DE/PT buying demand is negligible (Semrush PA db: 32 kws / 190 total vol) and these pages actively cannibalise their own English originals. All 405 earned 30 clicks in 119 days combined (~0.25/day). Use 410 rather than 404: unambiguous and de-indexed faster. Retain source files in git.",P1
https://panamarealestateguide.com/pt/videos/26gtbsd4m24.html,/pt/videos/26gtbsd4m24.html,pt,videos,0,0,,Remove,410 Gone,,GSC 119d: 0 clicks / 0 impr,"Machine-translated duplicate. Verified safe to delete: Semrush Top Pages shows 0 referring domains on every deep URL (93 of 103 ref domains point at the root), so there is no page-level link equity to preserve. ES/DE/PT buying demand is negligible (Semrush PA db: 32 kws / 190 total vol) and these pages actively cannibalise their own English originals. All 405 earned 30 clicks in 119 days combined (~0.25/day). Use 410 rather than 404: unambiguous and de-indexed faster. Retain source files in git.",P1
https://panamarealestateguide.com/de/videos/26gtbsd4m24.html,/de/videos/26gtbsd4m24.html,de,videos,0,0,,Remove,410 Gone,,GSC 119d: 0 clicks / 0 impr,"Machine-translated duplicate. Verified safe to delete: Semrush Top Pages shows 0 referring domains on every deep URL (93 of 103 ref domains point at the root), so there is no page-level link equity to preserve. ES/DE/PT buying demand is negligible (Semrush PA db: 32 kws / 190 total vol) and these pages actively cannibalise their own English originals. All 405 earned 30 clicks in 119 days combined (~0.25/day). Use 410 rather than 404: unambiguous and de-indexed faster. Retain source files in git.",P1
https://panamarealestateguide.com/videos/8eyki76puk8.html,/videos/8eyki76puk8.html,en,videos,0,0,,Noindex,"noindex,follow",,GSC 119d: 0 clicks / 0 impr,"Thin YouTube-embed wrapper, no unique text. Noindex rather than remove: these URLs may return as real pages once the videos are embedded on area and project pages.",P2
https://panamarealestateguide.com/es/videos/8eyki76puk8.html,/es/videos/8eyki76puk8.html,es,videos,0,0,,Remove,410 Gone,,GSC 119d: 0 clicks / 0 impr,"Machine-translated duplicate. Verified safe to delete: Semrush Top Pages shows 0 referring domains on every deep URL (93 of 103 ref domains point at the root), so there is no page-level link equity to preserve. ES/DE/PT buying demand is negligible (Semrush PA db: 32 kws / 190 total vol) and these pages actively cannibalise their own English originals. All 405 earned 30 clicks in 119 days combined (~0.25/day). Use 410 rather than 404: unambiguous and de-indexed faster. Retain source files in git.",P1
https://panamarealestateguide.com/pt/videos/8eyki76puk8.html,/pt/videos/8eyki76puk8.html,pt,videos,0,0,,Remove,410 Gone,,GSC 119d: 0 clicks / 0 impr,"Machine-translated duplicate. Verified safe to delete: Semrush Top Pages shows 0 referring domains on every deep URL (93 of 103 ref domains point at the root), so there is no page-level link equity to preserve. ES/DE/PT buying demand is negligible (Semrush PA db: 32 kws / 190 total vol) and these pages actively cannibalise their own English originals. All 405 earned 30 clicks in 119 days combined (~0.25/day). Use 410 rather than 404: unambiguous and de-indexed faster. Retain source files in git.",P1
https://panamarealestateguide.com/de/videos/8eyki76puk8.html,/de/videos/8eyki76puk8.html,de,videos,0,0,,Remove,410 Gone,,GSC 119d: 0 clicks / 0 impr,"Machine-translated duplicate. Verified safe to delete: Semrush Top Pages shows 0 referring domains on every deep URL (93 of 103 ref domains point at the root), so there is no page-level link equity to preserve. ES/DE/PT buying demand is negligible (Semrush PA db: 32 kws / 190 total vol) and these pages actively cannibalise their own English originals. All 405 earned 30 clicks in 119 days combined (~0.25/day). Use 410 rather than 404: unambiguous and de-indexed faster. Retain source files in git.",P1
https://panamarealestateguide.com/videos/9fsdqerslwm.html,/videos/9fsdqerslwm.html,en,videos,0,0,,Noindex,"noindex,follow",,GSC 119d: 0 clicks / 0 impr,"Thin YouTube-embed wrapper, no unique text. Noindex rather than remove: these URLs may return as real pages once the videos are embedded on area and project pages.",P2
https://panamarealestateguide.com/es/videos/9fsdqerslwm.html,/es/videos/9fsdqerslwm.html,es,videos,0,0,,Remove,410 Gone,,GSC 119d: 0 clicks / 0 impr,"Machine-translated duplicate. Verified safe to delete: Semrush Top Pages shows 0 referring domains on every deep URL (93 of 103 ref domains point at the root), so there is no page-level link equity to preserve. ES/DE/PT buying demand is negligible (Semrush PA db: 32 kws / 190 total vol) and these pages actively cannibalise their own English originals. All 405 earned 30 clicks in 119 days combined (~0.25/day). Use 410 rather than 404: unambiguous and de-indexed faster. Retain source files in git.",P1
https://panamarealestateguide.com/pt/videos/9fsdqerslwm.html,/pt/videos/9fsdqerslwm.html,pt,videos,0,0,,Remove,410 Gone,,GSC 119d: 0 clicks / 0 impr,"Machine-translated duplicate. Verified safe to delete: Semrush Top Pages shows 0 referring domains on every deep URL (93 of 103 ref domains point at the root), so there is no page-level link equity to preserve. ES/DE/PT buying demand is negligible (Semrush PA db: 32 kws / 190 total vol) and these pages actively cannibalise their own English originals. All 405 earned 30 clicks in 119 days combined (~0.25/day). Use 410 rather than 404: unambiguous and de-indexed faster. Retain source files in git.",P1
https://panamarealestateguide.com/de/videos/9fsdqerslwm.html,/de/videos/9fsdqerslwm.html,de,videos,0,0,,Remove,410 Gone,,GSC 119d: 0 clicks / 0 impr,"Machine-translated duplicate. Verified safe to delete: Semrush Top Pages shows 0 referring domains on every deep URL (93 of 103 ref domains point at the root), so there is no page-level link equity to preserve. ES/DE/PT buying demand is negligible (Semrush PA db: 32 kws / 190 total vol) and these pages actively cannibalise their own English originals. All 405 earned 30 clicks in 119 days combined (~0.25/day). Use 410 rather than 404: unambiguous and de-indexed faster. Retain source files in git.",P1
https://panamarealestateguide.com/videos/_pqyb3dghvq.html,/videos/_pqyb3dghvq.html,en,videos,0,0,,Noindex,"noindex,follow",,GSC 119d: 0 clicks / 0 impr,"Thin YouTube-embed wrapper, no unique text. Noindex rather than remove: these URLs may return as real pages once the videos are embedded on area and project pages.",P2
https://panamarealestateguide.com/es/videos/_pqyb3dghvq.html,/es/videos/_pqyb3dghvq.html,es,videos,0,0,,Remove,410 Gone,,GSC 119d: 0 clicks / 0 impr,"Machine-translated duplicate. Verified safe to delete: Semrush Top Pages shows 0 referring domains on every deep URL (93 of 103 ref domains point at the root), so there is no page-level link equity to preserve. ES/DE/PT buying demand is negligible (Semrush PA db: 32 kws / 190 total vol) and these pages actively cannibalise their own English originals. All 405 earned 30 clicks in 119 days combined (~0.25/day). Use 410 rather than 404: unambiguous and de-indexed faster. Retain source files in git.",P1
https://panamarealestateguide.com/pt/videos/_pqyb3dghvq.html,/pt/videos/_pqyb3dghvq.html,pt,videos,0,0,,Remove,410 Gone,,GSC 119d: 0 clicks / 0 impr,"Machine-translated duplicate. Verified safe to delete: Semrush Top Pages shows 0 referring domains on every deep URL (93 of 103 ref domains point at the root), so there is no page-level link equity to preserve. ES/DE/PT buying demand is negligible (Semrush PA db: 32 kws / 190 total vol) and these pages actively cannibalise their own English originals. All 405 earned 30 clicks in 119 days combined (~0.25/day). Use 410 rather than 404: unambiguous and de-indexed faster. Retain source files in git.",P1
https://panamarealestateguide.com/de/videos/_pqyb3dghvq.html,/de/videos/_pqyb3dghvq.html,de,videos,0,0,,Remove,410 Gone,,GSC 119d: 0 clicks / 0 impr,"Machine-translated duplicate. Verified safe to delete: Semrush Top Pages shows 0 referring domains on every deep URL (93 of 103 ref domains point at the root), so there is no page-level link equity to preserve. ES/DE/PT buying demand is negligible (Semrush PA db: 32 kws / 190 total vol) and these pages actively cannibalise their own English originals. All 405 earned 30 clicks in 119 days combined (~0.25/day). Use 410 rather than 404: unambiguous and de-indexed faster. Retain source files in git.",P1
https://panamarealestateguide.com/videos/aozai5qcf-4.html,/videos/aozai5qcf-4.html,en,videos,0,0,,Noindex,"noindex,follow",,GSC 119d: 0 clicks / 0 impr,"Thin YouTube-embed wrapper, no unique text. Noindex rather than remove: these URLs may return as real pages once the videos are embedded on area and project pages.",P2
https://panamarealestateguide.com/es/videos/aozai5qcf-4.html,/es/videos/aozai5qcf-4.html,es,videos,0,0,,Remove,410 Gone,,GSC 119d: 0 clicks / 0 impr,"Machine-translated duplicate. Verified safe to delete: Semrush Top Pages shows 0 referring domains on every deep URL (93 of 103 ref domains point at the root), so there is no page-level link equity to preserve. ES/DE/PT buying demand is negligible (Semrush PA db: 32 kws / 190 total vol) and these pages actively cannibalise their own English originals. All 405 earned 30 clicks in 119 days combined (~0.25/day). Use 410 rather than 404: unambiguous and de-indexed faster. Retain source files in git.",P1
https://panamarealestateguide.com/pt/videos/aozai5qcf-4.html,/pt/videos/aozai5qcf-4.html,pt,videos,0,0,,Remove,410 Gone,,GSC 119d: 0 clicks / 0 impr,"Machine-translated duplicate. Verified safe to delete: Semrush Top Pages shows 0 referring domains on every deep URL (93 of 103 ref domains point at the root), so there is no page-level link equity to preserve. ES/DE/PT buying demand is negligible (Semrush PA db: 32 kws / 190 total vol) and these pages actively cannibalise their own English originals. All 405 earned 30 clicks in 119 days combined (~0.25/day). Use 410 rather than 404: unambiguous and de-indexed faster. Retain source files in git.",P1
https://panamarealestateguide.com/de/videos/aozai5qcf-4.html,/de/videos/aozai5qcf-4.html,de,videos,0,0,,Remove,410 Gone,,GSC 119d: 0 clicks / 0 impr,"Machine-translated duplicate. Verified safe to delete: Semrush Top Pages shows 0 referring domains on every deep URL (93 of 103 ref domains point at the root), so there is no page-level link equity to preserve. ES/DE/PT buying demand is negligible (Semrush PA db: 32 kws / 190 total vol) and these pages actively cannibalise their own English originals. All 405 earned 30 clicks in 119 days combined (~0.25/day). Use 410 rather than 404: unambiguous and de-indexed faster. Retain source files in git.",P1
https://panamarealestateguide.com/videos/bvfgd3_lzk0.html,/videos/bvfgd3_lzk0.html,en,videos,0,0,,Noindex,"noindex,follow",,GSC 119d: 0 clicks / 0 impr,"Thin YouTube-embed wrapper, no unique text. Noindex rather than remove: these URLs may return as real pages once the videos are embedded on area and project pages.",P2
https://panamarealestateguide.com/es/videos/bvfgd3_lzk0.html,/es/videos/bvfgd3_lzk0.html,es,videos,0,0,,Remove,410 Gone,,GSC 119d: 0 clicks / 0 impr,"Machine-translated duplicate. Verified safe to delete: Semrush Top Pages shows 0 referring domains on every deep URL (93 of 103 ref domains point at the root), so there is no page-level link equity to preserve. ES/DE/PT buying demand is negligible (Semrush PA db: 32 kws / 190 total vol) and these pages actively cannibalise their own English originals. All 405 earned 30 clicks in 119 days combined (~0.25/day). Use 410 rather than 404: unambiguous and de-indexed faster. Retain source files in git.",P1
https://panamarealestateguide.com/pt/videos/bvfgd3_lzk0.html,/pt/videos/bvfgd3_lzk0.html,pt,videos,0,0,,Remove,410 Gone,,GSC 119d: 0 clicks / 0 impr,"Machine-translated duplicate. Verified safe to delete: Semrush Top Pages shows 0 referring domains on every deep URL (93 of 103 ref domains point at the root), so there is no page-level link equity to preserve. ES/DE/PT buying demand is negligible (Semrush PA db: 32 kws / 190 total vol) and these pages actively cannibalise their own English originals. All 405 earned 30 clicks in 119 days combined (~0.25/day). Use 410 rather than 404: unambiguous and de-indexed faster. Retain source files in git.",P1
https://panamarealestateguide.com/de/videos/bvfgd3_lzk0.html,/de/videos/bvfgd3_lzk0.html,de,videos,0,0,,Remove,410 Gone,,GSC 119d: 0 clicks / 0 impr,"Machine-translated duplicate. Verified safe to delete: Semrush Top Pages shows 0 referring domains on every deep URL (93 of 103 ref domains point at the root), so there is no page-level link equity to preserve. ES/DE/PT buying demand is negligible (Semrush PA db: 32 kws / 190 total vol) and these pages actively cannibalise their own English originals. All 405 earned 30 clicks in 119 days combined (~0.25/day). Use 410 rather than 404: unambiguous and de-indexed faster. Retain source files in git.",P1
https://panamarealestateguide.com/videos/cu6jps5u6ea.html,/videos/cu6jps5u6ea.html,en,videos,0,0,,Noindex,"noindex,follow",,GSC 119d: 0 clicks / 0 impr,"Thin YouTube-embed wrapper, no unique text. Noindex rather than remove: these URLs may return as real pages once the videos are embedded on area and project pages.",P2
https://panamarealestateguide.com/es/videos/cu6jps5u6ea.html,/es/videos/cu6jps5u6ea.html,es,videos,0,0,,Remove,410 Gone,,GSC 119d: 0 clicks / 0 impr,"Machine-translated duplicate. Verified safe to delete: Semrush Top Pages shows 0 referring domains on every deep URL (93 of 103 ref domains point at the root), so there is no page-level link equity to preserve. ES/DE/PT buying demand is negligible (Semrush PA db: 32 kws / 190 total vol) and these pages actively cannibalise their own English originals. All 405 earned 30 clicks in 119 days combined (~0.25/day). Use 410 rather than 404: unambiguous and de-indexed faster. Retain source files in git.",P1
https://panamarealestateguide.com/pt/videos/cu6jps5u6ea.html,/pt/videos/cu6jps5u6ea.html,pt,videos,0,0,,Remove,410 Gone,,GSC 119d: 0 clicks / 0 impr,"Machine-translated duplicate. Verified safe to delete: Semrush Top Pages shows 0 referring domains on every deep URL (93 of 103 ref domains point at the root), so there is no page-level link equity to preserve. ES/DE/PT buying demand is negligible (Semrush PA db: 32 kws / 190 total vol) and these pages actively cannibalise their own English originals. All 405 earned 30 clicks in 119 days combined (~0.25/day). Use 410 rather than 404: unambiguous and de-indexed faster. Retain source files in git.",P1
https://panamarealestateguide.com/de/videos/cu6jps5u6ea.html,/de/videos/cu6jps5u6ea.html,de,videos,0,0,,Remove,410 Gone,,GSC 119d: 0 clicks / 0 impr,"Machine-translated duplicate. Verified safe to delete: Semrush Top Pages shows 0 referring domains on every deep URL (93 of 103 ref domains point at the root), so there is no page-level link equity to preserve. ES/DE/PT buying demand is negligible (Semrush PA db: 32 kws / 190 total vol) and these pages actively cannibalise their own English originals. All 405 earned 30 clicks in 119 days combined (~0.25/day). Use 410 rather than 404: unambiguous and de-indexed faster. Retain source files in git.",P1
https://panamarealestateguide.com/videos/de_siaqflj0.html,/videos/de_siaqflj0.html,en,videos,0,0,,Noindex,"noindex,follow",,GSC 119d: 0 clicks / 0 impr,"Thin YouTube-embed wrapper, no unique text. Noindex rather than remove: these URLs may return as real pages once the videos are embedded on area and project pages.",P2
https://panamarealestateguide.com/es/videos/de_siaqflj0.html,/es/videos/de_siaqflj0.html,es,videos,0,0,,Remove,410 Gone,,GSC 119d: 0 clicks / 0 impr,"Machine-translated duplicate. Verified safe to delete: Semrush Top Pages shows 0 referring domains on every deep URL (93 of 103 ref domains point at the root), so there is no page-level link equity to preserve. ES/DE/PT buying demand is negligible (Semrush PA db: 32 kws / 190 total vol) and these pages actively cannibalise their own English originals. All 405 earned 30 clicks in 119 days combined (~0.25/day). Use 410 rather than 404: unambiguous and de-indexed faster. Retain source files in git.",P1
https://panamarealestateguide.com/pt/videos/de_siaqflj0.html,/pt/videos/de_siaqflj0.html,pt,videos,0,0,,Remove,410 Gone,,GSC 119d: 0 clicks / 0 impr,"Machine-translated duplicate. Verified safe to delete: Semrush Top Pages shows 0 referring domains on every deep URL (93 of 103 ref domains point at the root), so there is no page-level link equity to preserve. ES/DE/PT buying demand is negligible (Semrush PA db: 32 kws / 190 total vol) and these pages actively cannibalise their own English originals. All 405 earned 30 clicks in 119 days combined (~0.25/day). Use 410 rather than 404: unambiguous and de-indexed faster. Retain source files in git.",P1
https://panamarealestateguide.com/de/videos/de_siaqflj0.html,/de/videos/de_siaqflj0.html,de,videos,0,0,,Remove,410 Gone,,GSC 119d: 0 clicks / 0 impr,"Machine-translated duplicate. Verified safe to delete: Semrush Top Pages shows 0 referring domains on every deep URL (93 of 103 ref domains point at the root), so there is no page-level link equity to preserve. ES/DE/PT buying demand is negligible (Semrush PA db: 32 kws / 190 total vol) and these pages actively cannibalise their own English originals. All 405 earned 30 clicks in 119 days combined (~0.25/day). Use 410 rather than 404: unambiguous and de-indexed faster. Retain source files in git.",P1
https://panamarealestateguide.com/videos/f1mf3d-pd84.html,/videos/f1mf3d-pd84.html,en,videos,0,0,,Noindex,"noindex,follow",,GSC 119d: 0 clicks / 0 impr,"Thin YouTube-embed wrapper, no unique text. Noindex rather than remove: these URLs may return as real pages once the videos are embedded on area and project pages.",P2
https://panamarealestateguide.com/es/videos/f1mf3d-pd84.html,/es/videos/f1mf3d-pd84.html,es,videos,0,0,,Remove,410 Gone,,GSC 119d: 0 clicks / 0 impr,"Machine-translated duplicate. Verified safe to delete: Semrush Top Pages shows 0 referring domains on every deep URL (93 of 103 ref domains point at the root), so there is no page-level link equity to preserve. ES/DE/PT buying demand is negligible (Semrush PA db: 32 kws / 190 total vol) and these pages actively cannibalise their own English originals. All 405 earned 30 clicks in 119 days combined (~0.25/day). Use 410 rather than 404: unambiguous and de-indexed faster. Retain source files in git.",P1
https://panamarealestateguide.com/pt/videos/f1mf3d-pd84.html,/pt/videos/f1mf3d-pd84.html,pt,videos,0,0,,Remove,410 Gone,,GSC 119d: 0 clicks / 0 impr,"Machine-translated duplicate. Verified safe to delete: Semrush Top Pages shows 0 referring domains on every deep URL (93 of 103 ref domains point at the root), so there is no page-level link equity to preserve. ES/DE/PT buying demand is negligible (Semrush PA db: 32 kws / 190 total vol) and these pages actively cannibalise their own English originals. All 405 earned 30 clicks in 119 days combined (~0.25/day). Use 410 rather than 404: unambiguous and de-indexed faster. Retain source files in git.",P1
https://panamarealestateguide.com/de/videos/f1mf3d-pd84.html,/de/videos/f1mf3d-pd84.html,de,videos,0,0,,Remove,410 Gone,,GSC 119d: 0 clicks / 0 impr,"Machine-translated duplicate. Verified safe to delete: Semrush Top Pages shows 0 referring domains on every deep URL (93 of 103 ref domains point at the root), so there is no page-level link equity to preserve. ES/DE/PT buying demand is negligible (Semrush PA db: 32 kws / 190 total vol) and these pages actively cannibalise their own English originals. All 405 earned 30 clicks in 119 days combined (~0.25/day). Use 410 rather than 404: unambiguous and de-indexed faster. Retain source files in git.",P1
https://panamarealestateguide.com/videos/fmccewv1nhe.html,/videos/fmccewv1nhe.html,en,videos,0,0,,Noindex,"noindex,follow",,GSC 119d: 0 clicks / 0 impr,"Thin YouTube-embed wrapper, no unique text. Noindex rather than remove: these URLs may return as real pages once the videos are embedded on area and project pages.",P2
https://panamarealestateguide.com/es/videos/fmccewv1nhe.html,/es/videos/fmccewv1nhe.html,es,videos,0,0,,Remove,410 Gone,,GSC 119d: 0 clicks / 0 impr,"Machine-translated duplicate. Verified safe to delete: Semrush Top Pages shows 0 referring domains on every deep URL (93 of 103 ref domains point at the root), so there is no page-level link equity to preserve. ES/DE/PT buying demand is negligible (Semrush PA db: 32 kws / 190 total vol) and these pages actively cannibalise their own English originals. All 405 earned 30 clicks in 119 days combined (~0.25/day). Use 410 rather than 404: unambiguous and de-indexed faster. Retain source files in git.",P1
https://panamarealestateguide.com/pt/videos/fmccewv1nhe.html,/pt/videos/fmccewv1nhe.html,pt,videos,0,0,,Remove,410 Gone,,GSC 119d: 0 clicks / 0 impr,"Machine-translated duplicate. Verified safe to delete: Semrush Top Pages shows 0 referring domains on every deep URL (93 of 103 ref domains point at the root), so there is no page-level link equity to preserve. ES/DE/PT buying demand is negligible (Semrush PA db: 32 kws / 190 total vol) and these pages actively cannibalise their own English originals. All 405 earned 30 clicks in 119 days combined (~0.25/day). Use 410 rather than 404: unambiguous and de-indexed faster. Retain source files in git.",P1
https://panamarealestateguide.com/de/videos/fmccewv1nhe.html,/de/videos/fmccewv1nhe.html,de,videos,0,0,,Remove,410 Gone,,GSC 119d: 0 clicks / 0 impr,"Machine-translated duplicate. Verified safe to delete: Semrush Top Pages shows 0 referring domains on every deep URL (93 of 103 ref domains point at the root), so there is no page-level link equity to preserve. ES/DE/PT buying demand is negligible (Semrush PA db: 32 kws / 190 total vol) and these pages actively cannibalise their own English originals. All 405 earned 30 clicks in 119 days combined (~0.25/day). Use 410 rather than 404: unambiguous and de-indexed faster. Retain source files in git.",P1
https://panamarealestateguide.com/videos/m5ydnycmx6w.html,/videos/m5ydnycmx6w.html,en,videos,0,0,,Noindex,"noindex,follow",,GSC 119d: 0 clicks / 0 impr,"Thin YouTube-embed wrapper, no unique text. Noindex rather than remove: these URLs may return as real pages once the videos are embedded on area and project pages.",P2
https://panamarealestateguide.com/es/videos/m5ydnycmx6w.html,/es/videos/m5ydnycmx6w.html,es,videos,0,0,,Remove,410 Gone,,GSC 119d: 0 clicks / 0 impr,"Machine-translated duplicate. Verified safe to delete: Semrush Top Pages shows 0 referring domains on every deep URL (93 of 103 ref domains point at the root), so there is no page-level link equity to preserve. ES/DE/PT buying demand is negligible (Semrush PA db: 32 kws / 190 total vol) and these pages actively cannibalise their own English originals. All 405 earned 30 clicks in 119 days combined (~0.25/day). Use 410 rather than 404: unambiguous and de-indexed faster. Retain source files in git.",P1
https://panamarealestateguide.com/pt/videos/m5ydnycmx6w.html,/pt/videos/m5ydnycmx6w.html,pt,videos,0,0,,Remove,410 Gone,,GSC 119d: 0 clicks / 0 impr,"Machine-translated duplicate. Verified safe to delete: Semrush Top Pages shows 0 referring domains on every deep URL (93 of 103 ref domains point at the root), so there is no page-level link equity to preserve. ES/DE/PT buying demand is negligible (Semrush PA db: 32 kws / 190 total vol) and these pages actively cannibalise their own English originals. All 405 earned 30 clicks in 119 days combined (~0.25/day). Use 410 rather than 404: unambiguous and de-indexed faster. Retain source files in git.",P1
https://panamarealestateguide.com/de/videos/m5ydnycmx6w.html,/de/videos/m5ydnycmx6w.html,de,videos,0,0,,Remove,410 Gone,,GSC 119d: 0 clicks / 0 impr,"Machine-translated duplicate. Verified safe to delete: Semrush Top Pages shows 0 referring domains on every deep URL (93 of 103 ref domains point at the root), so there is no page-level link equity to preserve. ES/DE/PT buying demand is negligible (Semrush PA db: 32 kws / 190 total vol) and these pages actively cannibalise their own English originals. All 405 earned 30 clicks in 119 days combined (~0.25/day). Use 410 rather than 404: unambiguous and de-indexed faster. Retain source files in git.",P1
https://panamarealestateguide.com/videos/myg4kppu-ay.html,/videos/myg4kppu-ay.html,en,videos,0,0,,Noindex,"noindex,follow",,GSC 119d: 0 clicks / 0 impr,"Thin YouTube-embed wrapper, no unique text. Noindex rather than remove: these URLs may return as real pages once the videos are embedded on area and project pages.",P2
https://panamarealestateguide.com/es/videos/myg4kppu-ay.html,/es/videos/myg4kppu-ay.html,es,videos,0,0,,Remove,410 Gone,,GSC 119d: 0 clicks / 0 impr,"Machine-translated duplicate. Verified safe to delete: Semrush Top Pages shows 0 referring domains on every deep URL (93 of 103 ref domains point at the root), so there is no page-level link equity to preserve. ES/DE/PT buying demand is negligible (Semrush PA db: 32 kws / 190 total vol) and these pages actively cannibalise their own English originals. All 405 earned 30 clicks in 119 days combined (~0.25/day). Use 410 rather than 404: unambiguous and de-indexed faster. Retain source files in git.",P1
https://panamarealestateguide.com/pt/videos/myg4kppu-ay.html,/pt/videos/myg4kppu-ay.html,pt,videos,0,0,,Remove,410 Gone,,GSC 119d: 0 clicks / 0 impr,"Machine-translated duplicate. Verified safe to delete: Semrush Top Pages shows 0 referring domains on every deep URL (93 of 103 ref domains point at the root), so there is no page-level link equity to preserve. ES/DE/PT buying demand is negligible (Semrush PA db: 32 kws / 190 total vol) and these pages actively cannibalise their own English originals. All 405 earned 30 clicks in 119 days combined (~0.25/day). Use 410 rather than 404: unambiguous and de-indexed faster. Retain source files in git.",P1
https://panamarealestateguide.com/de/videos/myg4kppu-ay.html,/de/videos/myg4kppu-ay.html,de,videos,0,0,,Remove,410 Gone,,GSC 119d: 0 clicks / 0 impr,"Machine-translated duplicate. Verified safe to delete: Semrush Top Pages shows 0 referring domains on every deep URL (93 of 103 ref domains point at the root), so there is no page-level link equity to preserve. ES/DE/PT buying demand is negligible (Semrush PA db: 32 kws / 190 total vol) and these pages actively cannibalise their own English originals. All 405 earned 30 clicks in 119 days combined (~0.25/day). Use 410 rather than 404: unambiguous and de-indexed faster. Retain source files in git.",P1
https://panamarealestateguide.com/videos/ralwknsyohc.html,/videos/ralwknsyohc.html,en,videos,0,0,,Noindex,"noindex,follow",,GSC 119d: 0 clicks / 0 impr,"Thin YouTube-embed wrapper, no unique text. Noindex rather than remove: these URLs may return as real pages once the videos are embedded on area and project pages.",P2
https://panamarealestateguide.com/es/videos/ralwknsyohc.html,/es/videos/ralwknsyohc.html,es,videos,0,0,,Remove,410 Gone,,GSC 119d: 0 clicks / 0 impr,"Machine-translated duplicate. Verified safe to delete: Semrush Top Pages shows 0 referring domains on every deep URL (93 of 103 ref domains point at the root), so there is no page-level link equity to preserve. ES/DE/PT buying demand is negligible (Semrush PA db: 32 kws / 190 total vol) and these pages actively cannibalise their own English originals. All 405 earned 30 clicks in 119 days combined (~0.25/day). Use 410 rather than 404: unambiguous and de-indexed faster. Retain source files in git.",P1
https://panamarealestateguide.com/pt/videos/ralwknsyohc.html,/pt/videos/ralwknsyohc.html,pt,videos,0,0,,Remove,410 Gone,,GSC 119d: 0 clicks / 0 impr,"Machine-translated duplicate. Verified safe to delete: Semrush Top Pages shows 0 referring domains on every deep URL (93 of 103 ref domains point at the root), so there is no page-level link equity to preserve. ES/DE/PT buying demand is negligible (Semrush PA db: 32 kws / 190 total vol) and these pages actively cannibalise their own English originals. All 405 earned 30 clicks in 119 days combined (~0.25/day). Use 410 rather than 404: unambiguous and de-indexed faster. Retain source files in git.",P1
https://panamarealestateguide.com/de/videos/ralwknsyohc.html,/de/videos/ralwknsyohc.html,de,videos,0,0,,Remove,410 Gone,,GSC 119d: 0 clicks / 0 impr,"Machine-translated duplicate. Verified safe to delete: Semrush Top Pages shows 0 referring domains on every deep URL (93 of 103 ref domains point at the root), so there is no page-level link equity to preserve. ES/DE/PT buying demand is negligible (Semrush PA db: 32 kws / 190 total vol) and these pages actively cannibalise their own English originals. All 405 earned 30 clicks in 119 days combined (~0.25/day). Use 410 rather than 404: unambiguous and de-indexed faster. Retain source files in git.",P1
https://panamarealestateguide.com/videos/stiwn-cuq3e.html,/videos/stiwn-cuq3e.html,en,videos,0,0,,Noindex,"noindex,follow",,GSC 119d: 0 clicks / 0 impr,"Thin YouTube-embed wrapper, no unique text. Noindex rather than remove: these URLs may return as real pages once the videos are embedded on area and project pages.",P2
https://panamarealestateguide.com/es/videos/stiwn-cuq3e.html,/es/videos/stiwn-cuq3e.html,es,videos,0,0,,Remove,410 Gone,,GSC 119d: 0 clicks / 0 impr,"Machine-translated duplicate. Verified safe to delete: Semrush Top Pages shows 0 referring domains on every deep URL (93 of 103 ref domains point at the root), so there is no page-level link equity to preserve. ES/DE/PT buying demand is negligible (Semrush PA db: 32 kws / 190 total vol) and these pages actively cannibalise their own English originals. All 405 earned 30 clicks in 119 days combined (~0.25/day). Use 410 rather than 404: unambiguous and de-indexed faster. Retain source files in git.",P1
https://panamarealestateguide.com/pt/videos/stiwn-cuq3e.html,/pt/videos/stiwn-cuq3e.html,pt,videos,0,0,,Remove,410 Gone,,GSC 119d: 0 clicks / 0 impr,"Machine-translated duplicate. Verified safe to delete: Semrush Top Pages shows 0 referring domains on every deep URL (93 of 103 ref domains point at the root), so there is no page-level link equity to preserve. ES/DE/PT buying demand is negligible (Semrush PA db: 32 kws / 190 total vol) and these pages actively cannibalise their own English originals. All 405 earned 30 clicks in 119 days combined (~0.25/day). Use 410 rather than 404: unambiguous and de-indexed faster. Retain source files in git.",P1
https://panamarealestateguide.com/de/videos/stiwn-cuq3e.html,/de/videos/stiwn-cuq3e.html,de,videos,0,0,,Remove,410 Gone,,GSC 119d: 0 clicks / 0 impr,"Machine-translated duplicate. Verified safe to delete: Semrush Top Pages shows 0 referring domains on every deep URL (93 of 103 ref domains point at the root), so there is no page-level link equity to preserve. ES/DE/PT buying demand is negligible (Semrush PA db: 32 kws / 190 total vol) and these pages actively cannibalise their own English originals. All 405 earned 30 clicks in 119 days combined (~0.25/day). Use 410 rather than 404: unambiguous and de-indexed faster. Retain source files in git.",P1
